window_start,elapsed_seconds,open_price,current_price,distance_from_open_bps,final_close,final_up,p_up,model_sample_count,model_radius_bins,predicted_up,confidence
2025-12-31 00:00:00+00:00,60,88485.5,88445.33,-4.540757615866753,88420.14,0,0.2972459639126306,4192,0,0,0.7027540360873694
2025-12-31 00:00:00+00:00,120,88485.5,88420.01,-7.403952877638405,88420.14,0,0.18138041733547353,2472,0,0,0.8186195826645265
2025-12-31 00:00:00+00:00,180,88485.5,88437.34,-5.44418133797984,88420.14,0,0.157574079202437,3591,0,0,0.8424259207975631
2025-12-31 00:00:00+00:00,240,88485.5,88413.35,-8.157204413789135,88420.14,0,0.04361370716510903,2227,0,0,0.956386292834891
2025-12-31 00:05:00+00:00,60,88420.14,88449.99,3.3753579853665143,88400.99,0,0.6758432087511395,5465,0,1,0.6758432087511395
2025-12-31 00:05:00+00:00,120,88420.14,88418.48,-0.18774179532221943,88400.99,0,0.43843880817532627,8102,0,0,0.5615611918246737
2025-12-31 00:05:00+00:00,180,88420.14,88401.01,-2.163768313308775,88400.99,0,0.2623252391464312,5416,0,0,0.7376747608535688
2025-12-31 00:05:00+00:00,240,88420.14,88385.73,-3.8924047526758407,88400.99,0,0.13416502516962137,4549,0,0,0.8658349748303786
2025-12-31 00:10:00+00:00,60,88401.0,88361.46,-4.473800676850226,88383.76,0,0.2972459639126306,4192,0,0,0.7027540360873694
2025-12-31 00:10:00+00:00,120,88401.0,88348.91,-5.89420402059267,88383.76,0,0.20780679584386408,3541,0,0,0.7921932041561359
2025-12-31 00:10:00+00:00,180,88401.0,88348.91,-5.89420402059267,88383.76,0,0.157574079202437,3591,0,0,0.8424259207975631
2025-12-31 00:10:00+00:00,240,88401.0,88383.75,-1.9515258023954194,88383.76,0,0.26818098552848507,5439,0,0,0.7318190144715149
2025-12-31 00:15:00+00:00,60,88383.75,88402.05,2.0703020339160645,88307.97,0,0.6463788300835654,7160,0,1,0.6463788300835654
2025-12-31 00:15:00+00:00,120,88383.75,88402.01,2.0657772509428427,88307.97,0,0.6929419525065963,6044,0,1,0.6929419525065963
2025-12-31 00:15:00+00:00,180,88383.75,88362.07,-2.4532404906353387,88307.97,0,0.2623252391464312,5416,0,0,0.7376747608535688
2025-12-31 00:15:00+00:00,240,88383.75,88307.91,-8.584446448392386,88307.97,0,0.04361370716510903,2227,0,0,0.956386292834891
2025-12-31 00:20:00+00:00,60,88307.97,88330.06,2.501160153921375,88333.39,1,0.6463788300835654,7160,0,1,0.6463788300835654
2025-12-31 00:20:00+00:00,120,88307.97,88330.06,2.501160153921375,88333.39,1,0.6929419525065963,6044,0,1,0.6929419525065963
2025-12-31 00:20:00+00:00,180,88307.97,88316.04,0.9138055472314113,88333.39,1,0.6031160311603116,7297,0,1,0.6031160311603116
2025-12-31 00:20:00+00:00,240,88307.97,88338.0,3.4000209899251264,88333.39,1,0.8613728129205922,4438,0,1,0.8613728129205922
2025-12-31 00:25:00+00:00,60,88333.39,88328.13,-0.595489046119862,88391.07,1,0.44918122770103375,10911,0,0,0.5508187722989663
2025-12-31 00:25:00+00:00,120,88333.39,88328.13,-0.595489046119862,88391.07,1,0.43843880817532627,8102,0,0,0.5615611918246737
2025-12-31 00:25:00+00:00,180,88333.39,88392.65,6.706425631567375,88391.07,1,0.8701675257731959,3084,0,1,0.8701675257731959
2025-12-31 00:25:00+00:00,240,88333.39,88400.0,7.537908162571355,88391.07,1,0.9458164393660154,2693,0,1,0.9458164393660154
2025-12-31 00:30:00+00:00,60,88391.06,88348.41,-4.826313084211535,88355.82,0,0.2972459639126306,4192,0,0,0.7027540360873694
2025-12-31 00:30:00+00:00,120,88391.06,88266.49,-14.102994256050033,88355.82,0,0.12302839116719243,614,0,0,0.8769716088328076
2025-12-31 00:30:00+00:00,180,88391.06,88297.16,-10.628892955077793,88355.82,0,0.08766233766233766,1520,0,0,0.9123376623376623
2025-12-31 00:30:00+00:00,240,88391.06,88318.68,-8.191965428476653,88355.82,0,0.04361370716510903,2227,0,0,0.956386292834891
2025-12-31 00:35:00+00:00,60,88355.83,88336.13,-2.2298694384994304,88309.57,0,0.36146292870357194,7007,0,0,0.638537071296428
2025-12-31 00:35:00+00:00,120,88355.83,88335.28,-2.32609327007551,88309.57,0,0.3182711198428291,6088,0,0,0.6817288801571709
2025-12-31 00:35:00+00:00,180,88355.83,88320.02,-4.053751601068614,88309.57,0,0.1799183281287533,4143,0,0,0.8200816718712467
2025-12-31 00:35:00+00:00,240,88355.83,88345.67,-1.1499619427337728,88309.57,0,0.26818098552848507,5439,0,0,0.7318190144715149
2025-12-31 00:40:00+00:00,60,88309.58,88338.83,3.3116630109855687,88330.15,1,0.6758432087511395,5465,0,1,0.6758432087511395
2025-12-31 00:40:00+00:00,120,88309.58,88316.87,0.825470930785397,88330.15,1,0.5704639512088869,9162,0,1,0.5704639512088869
2025-12-31 00:40:00+00:00,180,88309.58,88357.55,5.430551928804293,88330.15,1,0.8439241917502787,3568,0,1,0.8439241917502787
2025-12-31 00:40:00+00:00,240,88309.58,88330.16,2.3301664838422473,88330.15,1,0.8199286846275753,5028,0,1,0.8199286846275753
2025-12-31 00:45:00+00:00,60,88330.15,88308.03,-2.5045548041341816,88306.09,0,0.36146292870357194,7007,0,0,0.638537071296428
2025-12-31 00:45:00+00:00,120,88330.15,88308.04,-2.5034224043473325,88306.09,0,0.3182711198428291,6088,0,0,0.6817288801571709
2025-12-31 00:45:00+00:00,180,88330.15,88301.82,-3.2077998386039845,88306.09,0,0.21654256389615617,4949,0,0,0.7834574361038438
2025-12-31 00:45:00+00:00,240,88330.15,88306.08,-2.7253752131126627,88306.09,0,0.18210547106458622,5043,0,0,0.8178945289354138
2025-12-31 00:50:00+00:00,60,88306.09,88306.03,-0.006794550680008985,88285.21,0,0.44918122770103375,10911,0,0,0.5508187722989663
2025-12-31 00:50:00+00:00,120,88306.09,88308.48,0.27064584763833316,88285.21,0,0.5704639512088869,9162,0,1,0.5704639512088869
2025-12-31 00:50:00+00:00,180,88306.09,88308.47,0.2695134534950839,88285.21,0,0.6031160311603116,7297,0,1,0.6031160311603116
2025-12-31 00:50:00+00:00,240,88306.09,88265.24,-4.6270253193202375,88285.21,0,0.0959980358458139,4053,0,0,0.9040019641541861
2025-12-31 00:55:00+00:00,60,88285.2,88270.17,-1.7025820326285683,88255.54,0,0.3924328065520821,8649,0,0,0.6075671934479179
2025-12-31 00:55:00+00:00,120,88285.2,88270.18,-1.70144914714423,88255.54,0,0.36449130806497576,6998,0,0,0.6355086919350242
2025-12-31 00:55:00+00:00,180,88285.2,88258.83,-2.987356773956595,88255.54,0,0.2623252391464312,5416,0,0,0.7376747608535688
2025-12-31 00:55:00+00:00,240,88285.2,88255.53,-3.361264030045481,88255.54,0,0.13416502516962137,4549,0,0,0.8658349748303786
2025-12-31 01:00:00+00:00,60,88255.54,88255.54,0.0,88297.15,1,0.5441675695196821,13825,0,1,0.5441675695196821
2025-12-31 01:00:00+00:00,120,88255.54,88270.17,1.657548924006641,88297.15,1,0.6351039260969977,6908,0,1,0.6351039260969977
2025-12-31 01:00:00+00:00,180,88255.54,88279.37,2.6997493181078807,88297.15,1,0.7370153621068032,5448,0,1,0.7370153621068032
2025-12-31 01:00:00+00:00,240,88255.54,88297.15,4.713607113028857,88297.15,1,0.9025839793281654,3850,0,1,0.9025839793281654
2025-12-31 01:05:00+00:00,60,88297.15,88307.66,1.1902280591817498,88212.71,0,0.6043804034582133,8655,0,1,0.6043804034582133
2025-12-31 01:05:00+00:00,120,88297.15,88283.5,-1.5460357663405515,88212.71,0,0.36449130806497576,6998,0,0,0.6355086919350242
2025-12-31 01:05:00+00:00,180,88297.15,88249.64,-5.382142733590674,88212.71,0,0.157574079202437,3591,0,0,0.8424259207975631
2025-12-31 01:05:00+00:00,240,88297.15,88234.8,-7.063877399261299,88212.71,0,0.049161139289894656,2543,0,0,0.9508388607101054
2025-12-31 01:10:00+00:00,60,88212.71,88172.15,-4.599034261208428,88308.52,1,0.2972459639126306,4192,0,0,0.7027540360873694
2025-12-31 01:10:00+00:00,120,88212.71,88220.54,0.8875877993668043,88308.52,1,0.5704639512088869,9162,0,1,0.5704639512088869
2025-12-31 01:10:00+00:00,180,88212.71,88288.56,8.59483953506655,88308.52,1,0.8855172413793103,2155,0,1,0.8855172413793103
2025-12-31 01:10:00+00:00,240,88212.71,88308.51,10.854220178795238,88308.52,1,0.9667240390131956,1723,0,1,0.9667240390131956
2025-12-31 01:15:00+00:00,60,88308.53,88346.95,4.349709457725218,88610.73,1,0.7120669056152927,4165,0,1,0.7120669056152927
2025-12-31 01:15:00+00:00,120,88308.53,88360.0,5.826731162159994,88610.73,1,0.7888670227719988,3537,0,1,0.7888670227719988
2025-12-31 01:15:00+00:00,180,88308.53,88426.23,13.319396523989246,88610.73,1,0.926906779661017,924,0,1,0.926906779661017
2025-12-31 01:15:00+00:00,240,88308.53,88450.0,16.007151700939406,88610.73,1,0.9690140845070423,690,0,1,0.9690140845070423
2025-12-31 01:20:00+00:00,60,88610.73,88583.07,-3.1220054228371272,88650.81,1,0.321805067505086,5387,0,0,0.678194932494914
2025-12-31 01:20:00+00:00,120,88610.73,88573.64,-4.186599590217365,88650.81,1,0.23990825688073394,4340,0,0,0.7600917431192661
2025-12-31 01:20:00+00:00,180,88610.73,88637.12,2.9777512330891365,88650.81,1,0.7370153621068032,5448,0,1,0.7370153621068032
2025-12-31 01:20:00+00:00,240,88610.73,88645.81,3.9581050671508304,88650.81,1,0.8613728129205922,4438,0,1,0.8613728129205922
2025-12-31 01:25:00+00:00,60,88650.82,88577.71,-8.250365124291314,88588.57,0,0.2558139534883721,1399,0,0,0.7441860465116279
2025-12-31 01:25:00+00:00,120,88650.82,88582.28,-7.7344472806520725,88588.57,0,0.18138041733547353,2472,0,0,0.8186195826645265
2025-12-31 01:25:00+00:00,180,88650.82,88597.55,-6.010774779350503,88588.57,0,0.14115755627009646,3090,0,0,0.8588424437299036
2025-12-31 01:25:00+00:00,240,88650.82,88578.6,-8.149888883845298,88588.57,0,0.04361370716510903,2227,0,0,0.956386292834891
2025-12-31 01:30:00+00:00,60,88588.57,88606.43,2.0158582421014697,88760.0,1,0.6463788300835654,7160,0,1,0.6463788300835654
2025-12-31 01:30:00+00:00,120,88588.57,88645.88,6.4671402199095835,88760.0,1,0.8041909996564754,2891,0,1,0.8041909996564754
2025-12-31 01:30:00+00:00,180,88588.57,88640.31,5.838777683399856,88760.0,1,0.8439241917502787,3568,0,1,0.8439241917502787
2025-12-31 01:30:00+00:00,240,88588.57,88661.74,8.256121431469204,88760.0,1,0.9523396880415944,2288,0,1,0.9523396880415944
2025-12-31 01:35:00+00:00,60,88760.0,88709.43,-5.699009837211155,88650.88,0,0.2723297938788257,3182,0,0,0.7276702061211743
2025-12-31 01:35:00+00:00,120,88760.0,88699.91,-6.77223405518379,88650.88,0,0.20150720838794234,3032,0,0,0.7984927916120577
2025-12-31 01:35:00+00:00,180,88760.0,88685.59,-8.386796692052878,88650.88,0,0.0943566591422122,2195,0,0,0.9056433408577877
2025-12-31 01:35:00+00:00,240,88760.0,88693.05,-7.545658209493359,88650.88,0,0.049161139289894656,2543,0,0,0.9508388607101054
2025-12-31 01:40:00+00:00,60,88650.88,88671.29,2.302024624458908,88734.77,1,0.6463788300835654,7160,0,1,0.6463788300835654
2025-12-31 01:40:00+00:00,120,88650.88,88671.3,2.303152385140339,88734.77,1,0.6929419525065963,6044,0,1,0.6929419525065963
2025-12-31 01:40:00+00:00,180,88650.88,88741.61,10.229295266280076,88734.77,1,0.9218559218559218,1618,0,1,0.9218559218559218
2025-12-31 01:40:00+00:00,240,88650.88,88707.82,6.42088625551151,88734.77,1,0.9323004378578647,2949,0,1,0.9323004378578647
2025-12-31 01:45:00+00:00,60,88734.78,88756.93,2.495891229509896,88727.87,0,0.6463788300835654,7160,0,1,0.6463788300835654
2025-12-31 01:45:00+00:00,120,88734.78,88735.99,0.13636048347887783,88727.87,0,0.5704639512088869,9162,0,1,0.5704639512088869
2025-12-31 01:45:00+00:00,180,88734.78,88727.87,-0.7787554173791796,88727.87,0,0.42031342400946187,6744,0,0,0.5796865759905381
2025-12-31 01:45:00+00:00,240,88734.78,88748.97,1.599019631964087,88727.87,0,0.7472212262459663,5558,0,1,0.7472212262459663
2025-12-31 01:50:00+00:00,60,88727.87,88655.69,-8.13829691814022,88639.48,0,0.2558139534883721,1399,0,0,0.7441860465116279
2025-12-31 01:50:00+00:00,120,88727.87,88730.82,0.3324717431742924,88639.48,0,0.5704639512088869,9162,0,1,0.5704639512088869
2025-12-31 01:50:00+00:00,180,88727.87,88653.46,-8.389834980346318,88639.48,0,0.0943566591422122,2195,0,0,0.9056433408577877
2025-12-31 01:50:00+00:00,240,88727.87,88676.27,-5.817226300932865,88639.48,0,0.07445008460236886,3526,0,0,0.9255499153976311
2025-12-31 01:55:00+00:00,60,88639.49,88634.11,-0.6069713709942867,88649.33,1,0.44918122770103375,10911,0,0,0.5508187722989663
2025-12-31 01:55:00+00:00,120,88639.49,88634.12,-0.6058431372449629,88649.33,1,0.43843880817532627,8102,0,0,0.5615611918246737
2025-12-31 01:55:00+00:00,180,88639.49,88649.33,1.1100530772453954,88649.33,1,0.671796587487454,5958,0,1,0.671796587487454
2025-12-31 01:55:00+00:00,240,88639.49,88649.32,1.1089250370704558,88649.33,1,0.7472212262459663,5558,0,1,0.7472212262459663
2025-12-31 02:00:00+00:00,60,88649.32,88602.88,-5.239991499412984,88662.71,1,0.2723297938788257,3182,0,0,0.7276702061211743
2025-12-31 02:00:00+00:00,120,88649.32,88570.29,-8.91887813530395,88662.71,1,0.173890608875129,1918,0,0,0.826109391124871
2025-12-31 02:00:00+00:00,180,88649.32,88598.3,-5.756918079813389,88662.71,1,0.157574079202437,3591,0,0,0.8424259207975631
2025-12-31 02:00:00+00:00,240,88649.32,88625.8,-2.653502661626527,88662.71,1,0.18210547106458622,5043,0,0,0.8178945289354138
2025-12-31 02:05:00+00:00,60,88662.71,88636.3,-2.9791480725506854,88588.33,0,0.36146292870357194,7007,0,0,0.638537071296428
2025-12-31 02:05:00+00:00,120,88662.71,88610.38,-5.903885527127219,88588.33,0,0.20780679584386408,3541,0,0,0.7921932041561359
2025-12-31 02:05:00+00:00,180,88662.71,88618.77,-4.957088681769934,88588.33,0,0.1799183281287533,4143,0,0,0.8200816718712467
2025-12-31 02:05:00+00:00,240,88662.71,88588.33,-8.392616975997434,88588.33,0,0.04361370716510903,2227,0,0,0.956386292834891
2025-12-31 02:10:00+00:00,60,88588.33,88597.19,1.0000817230869194,88677.0,1,0.6043804034582133,8655,0,1,0.6043804034582133
2025-12-31 02:10:00+00:00,120,88588.33,88617.89,3.336226039264506,88677.0,1,0.7333333333333333,5230,0,1,0.7333333333333333
2025-12-31 02:10:00+00:00,180,88588.33,88631.69,4.89335244011391,88677.0,1,0.8201160541586073,4116,0,1,0.8201160541586073
2025-12-31 02:10:00+00:00,240,88588.33,88674.8,9.75611869864363,88677.0,1,0.9704170708050437,2042,0,1,0.9704170708050437
2025-12-31 02:15:00+00:00,60,88677.0,88671.05,-0.6709969466511181,88693.15,1,0.44918122770103375,10911,0,0,0.5508187722989663
2025-12-31 02:15:00+00:00,120,88677.0,88671.05,-0.6709969466511181,88693.15,1,0.43843880817532627,8102,0,0,0.5615611918246737
2025-12-31 02:15:00+00:00,180,88677.0,88644.05,-3.716422881461969,88693.15,1,0.21654256389615617,4949,0,0,0.7834574361038438
2025-12-31 02:15:00+00:00,240,88677.0,88671.05,-0.6709969466511181,88693.15,1,0.3684836135167261,5869,0,0,0.6315163864832739
2025-12-31 02:20:00+00:00,60,88693.15,88661.06,-3.618746952799837,88715.27,1,0.321805067505086,5387,0,0,0.678194932494914
2025-12-31 02:20:00+00:00,120,88693.15,88700.0,0.7722958866692653,88715.27,1,0.5704639512088869,9162,0,1,0.5704639512088869
2025-12-31 02:20:00+00:00,180,88693.15,88700.01,0.7734232823211779,88715.27,1,0.6031160311603116,7297,0,1,0.6031160311603116
2025-12-31 02:20:00+00:00,240,88693.15,88701.4,0.930130041306556,88715.27,1,0.6464007782101168,6148,0,1,0.6464007782101168
2025-12-31 02:25:00+00:00,60,88715.28,88661.11,-6.107915679654742,88664.44,0,0.26867572156196945,2336,0,0,0.7313242784380305
2025-12-31 02:25:00+00:00,120,88715.28,88672.78,-4.791754395780879,88664.44,0,0.23990825688073394,4340,0,0,0.7600917431192661
2025-12-31 02:25:00+00:00,180,88715.28,88653.47,-6.969660946708935,88664.44,0,0.14115755627009646,3090,0,0,0.8588424437299036
2025-12-31 02:25:00+00:00,240,88715.28,88650.96,-7.252789800304101,88664.44,0,0.049161139289894656,2543,0,0,0.9508388607101054
2025-12-31 02:30:00+00:00,60,88664.44,88671.05,0.7454796558850126,88688.02,1,0.5441675695196821,13825,0,1,0.5441675695196821
2025-12-31 02:30:00+00:00,120,88664.44,88689.56,2.832752592890869,88688.02,1,0.6929419525065963,6044,0,1,0.6929419525065963
2025-12-31 02:30:00+00:00,180,88664.44,88727.11,7.065725803434605,88688.02,1,0.8873563218390804,2590,0,1,0.8873563218390804
2025-12-31 02:30:00+00:00,240,88664.44,88701.64,4.194714180463645,88688.02,1,0.9025839793281654,3850,0,1,0.9025839793281654
2025-12-31 02:35:00+00:00,60,88688.02,88732.6,5.025346088655426,88585.63,0,0.7065553494124923,3214,0,1,0.7065553494124923
2025-12-31 02:35:00+00:00,120,88688.02,88715.26,3.0709691741975926,88585.63,0,0.7333333333333333,5230,0,1,0.7333333333333333
2025-12-31 02:35:00+00:00,180,88688.02,88710.0,2.478043454203116,88585.63,0,0.7370153621068032,5448,0,1,0.7370153621068032
2025-12-31 02:35:00+00:00,240,88688.02,88688.14,0.01353056690353614,88585.63,0,0.6464007782101168,6148,0,1,0.6464007782101168
2025-12-31 02:40:00+00:00,60,88585.63,88573.89,-1.3253592036369066,88592.99,1,0.3924328065520821,8649,0,0,0.6075671934479179
2025-12-31 02:40:00+00:00,120,88585.63,88592.85,0.8149973974266899,88592.99,1,0.5704639512088869,9162,0,1,0.5704639512088869
2025-12-31 02:40:00+00:00,180,88585.63,88595.69,1.1355598898141959,88592.99,1,0.671796587487454,5958,0,1,0.671796587487454
2025-12-31 02:40:00+00:00,240,88585.63,88586.99,0.15352259282816166,88592.99,1,0.6464007782101168,6148,0,1,0.6464007782101168
2025-12-31 02:45:00+00:00,60,88592.99,88610.73,2.0022153100695532,88573.65,0,0.6463788300835654,7160,0,1,0.6463788300835654
2025-12-31 02:45:00+00:00,120,88592.99,88646.65,6.055079060132532,88573.65,0,0.8041909996564754,2891,0,1,0.8041909996564754
2025-12-31 02:45:00+00:00,180,88592.99,88650.0,6.432976781314151,88573.65,0,0.8701675257731959,3084,0,1,0.8701675257731959
2025-12-31 02:45:00+00:00,240,88592.99,88612.7,2.224533544185275,88573.65,0,0.8199286846275753,5028,0,1,0.8199286846275753
2025-12-31 02:50:00+00:00,60,88573.65,88538.29,-3.9929550170142156,88693.02,1,0.321805067505086,5387,0,0,0.678194932494914
2025-12-31 02:50:00+00:00,120,88573.65,88538.29,-3.9929550170142156,88693.02,1,0.28777798897547996,5241,0,0,0.7122220110245201
2025-12-31 02:50:00+00:00,180,88573.65,88607.04,3.76903379203057,88693.02,1,0.7870081199250468,4783,0,1,0.7870081199250468
2025-12-31 02:50:00+00:00,240,88573.65,88630.76,6.445663736842047,88693.02,1,0.9323004378578647,2949,0,1,0.9323004378578647
2025-12-31 02:55:00+00:00,60,88693.01,88684.74,-0.9324732110969941,88673.6,0,0.44918122770103375,10911,0,0,0.5508187722989663
2025-12-31 02:55:00+00:00,120,88693.01,88677.91,-1.702646638633554,88673.6,0,0.36449130806497576,6998,0,0,0.6355086919350242
2025-12-31 02:55:00+00:00,180,88693.01,88681.01,-1.3530730169287268,88673.6,0,0.32701421800947866,6099,0,0,0.6729857819905214
2025-12-31 02:55:00+00:00,240,88693.01,88689.0,-0.45213153246818566,88673.6,0,0.3684836135167261,5869,0,0,0.6315163864832739
2025-12-31 03:00:00+00:00,60,88673.61,88685.55,1.3464204519291074,88731.11,1,0.6043804034582133,8655,0,1,0.6043804034582133
2025-12-31 03:00:00+00:00,120,88673.61,88747.99,8.384548934005316,88731.11,1,0.8518877057115198,2046,0,1,0.8518877057115198
2025-12-31 03:00:00+00:00,180,88673.61,88715.26,4.695897861614554,88731.11,1,0.8201160541586073,4116,0,1,0.8201160541586073
2025-12-31 03:00:00+00:00,240,88673.61,88746.42,8.207641954223957,88731.11,1,0.9523396880415944,2288,0,1,0.9523396880415944
2025-12-31 03:05:00+00:00,60,88731.12,88741.21,1.1370786658276169,88775.89,1,0.6043804034582133,8655,0,1,0.6043804034582133
2025-12-31 03:05:00+00:00,120,88731.12,88801.34,7.910666439466403,88775.89,1,0.8162830349531117,2326,0,1,0.8162830349531117
2025-12-31 03:05:00+00:00,180,88731.12,88758.13,3.043564633746199,88775.89,1,0.7870081199250468,4783,0,1,0.7870081199250468
2025-12-31 03:05:00+00:00,240,88731.12,88773.32,4.754810729813198,88775.89,1,0.9025839793281654,3850,0,1,0.9025839793281654
2025-12-31 03:10:00+00:00,60,88775.89,88791.75,1.7863615287315224,88753.94,0,0.6043804034582133,8655,0,1,0.6043804034582133
2025-12-31 03:10:00+00:00,120,88775.89,88754.32,-2.4300089664890754,88753.94,0,0.3182711198428291,6088,0,0,0.6817288801571709
2025-12-31 03:10:00+00:00,180,88775.89,88771.63,-0.4798715296961328,88753.94,0,0.42031342400946187,6744,0,0,0.5796865759905381
2025-12-31 03:10:00+00:00,240,88775.89,88753.95,-2.4716971650171438,88753.94,0,0.18210547106458622,5043,0,0,0.8178945289354138
2025-12-31 03:15:00+00:00,60,88753.94,88700.0,-6.0793242078787895,88643.7,0,0.26867572156196945,2336,0,0,0.7313242784380305
2025-12-31 03:15:00+00:00,120,88753.94,88634.75,-13.438288307655306,88643.7,0,0.12666666666666668,730,0,0,0.8733333333333333
2025-12-31 03:15:00+00:00,180,88753.94,88675.73,-8.815888015279342,88643.7,0,0.0943566591422122,2195,0,0,0.9056433408577877
2025-12-31 03:15:00+00:00,240,88753.94,88645.0,-12.281923859778614,88643.7,0,0.03255813953488372,1270,0,0,0.9674418604651163
2025-12-31 03:20:00+00:00,60,88643.69,88610.74,-3.717819676442708,88573.64,0,0.321805067505086,5387,0,0,0.678194932494914
2025-12-31 03:20:00+00:00,120,88643.69,88573.64,-7.905547798096423,88573.64,0,0.18138041733547353,2472,0,0,0.8186195826645265
2025-12-31 03:20:00+00:00,180,88643.69,88570.64,-8.244254754966775,88573.64,0,0.0943566591422122,2195,0,0,0.9056433408577877
2025-12-31 03:20:00+00:00,240,88643.69,88593.89,-5.619575860893364,88573.64,0,0.07445008460236886,3526,0,0,0.9255499153976311
2025-12-31 03:25:00+00:00,60,88573.64,88581.0,0.830912473332079,88537.13,0,0.5441675695196821,13825,0,1,0.5441675695196821
2025-12-31 03:25:00+00:00,120,88573.64,88558.23,-1.739946632854018,88537.13,0,0.36449130806497576,6998,0,0,0.6355086919350242
2025-12-31 03:25:00+00:00,180,88573.64,88530.14,-4.912374075219289,88537.13,0,0.1799183281287533,4143,0,0,0.8200816718712467
2025-12-31 03:25:00+00:00,240,88573.64,88518.24,-6.25663941307848,88537.13,0,0.061395049823207974,3091,0,0,0.938604950176792
2025-12-31 03:30:00+00:00,60,88537.12,88512.36,-2.7969582470852807,88482.0,0,0.36146292870357194,7007,0,0,0.638537071296428
2025-12-31 03:30:00+00:00,120,88537.12,88532.78,-0.49020189211854087,88482.0,0,0.43843880817532627,8102,0,0,0.5615611918246737
2025-12-31 03:30:00+00:00,180,88537.12,88476.26,-6.876316626242566,88482.0,0,0.14115755627009646,3090,0,0,0.8588424437299036
2025-12-31 03:30:00+00:00,240,88537.12,88478.11,-6.66722317462897,88482.0,0,0.061395049823207974,3091,0,0,0.938604950176792
2025-12-31 03:35:00+00:00,60,88482.0,88425.93,-6.338890730052027,88390.08,0,0.26867572156196945,2336,0,0,0.7313242784380305
2025-12-31 03:35:00+00:00,120,88482.0,88428.43,-6.056172226514663,88390.08,0,0.20150720838794234,3032,0,0,0.7984927916120577
2025-12-31 03:35:00+00:00,180,88482.0,88428.44,-6.055041368549513,88390.08,0,0.14115755627009646,3090,0,0,0.8588424437299036
2025-12-31 03:35:00+00:00,240,88482.0,88414.32,-7.651940221518964,88390.08,0,0.049161139289894656,2543,0,0,0.9508388607101054
2025-12-31 03:40:00+00:00,60,88390.08,88404.93,1.6799116711401874,88466.44,1,0.6043804034582133,8655,0,1,0.6043804034582133
2025-12-31 03:40:00+00:00,120,88390.08,88400.51,1.1799270551786099,88466.44,1,0.6351039260969977,6908,0,1,0.6351039260969977
2025-12-31 03:40:00+00:00,180,88390.08,88432.66,4.816122725282844,88466.44,1,0.8201160541586073,4116,0,1,0.8201160541586073
2025-12-31 03:40:00+00:00,240,88390.08,88423.69,3.801740147819562,88466.44,1,0.8613728129205922,4438,0,1,0.8613728129205922
2025-12-31 03:45:00+00:00,60,88466.44,88455.46,-1.2412256497460699,88436.86,0,0.3924328065520821,8649,0,0,0.6075671934479179
2025-12-31 03:45:00+00:00,120,88466.44,88466.43,-0.0011303722153236965,88436.86,0,0.43843880817532627,8102,0,0,0.5615611918246737
2025-12-31 03:45:00+00:00,180,88466.44,88453.35,-1.479766624624822,88436.86,0,0.32701421800947866,6099,0,0,0.6729857819905214
2025-12-31 03:45:00+00:00,240,88466.44,88429.97,-4.123317202052172,88436.86,0,0.0959980358458139,4053,0,0,0.9040019641541861
2025-12-31 03:50:00+00:00,60,88436.86,88453.77,1.9119158602717168,88460.01,1,0.6043804034582133,8655,0,1,0.6043804034582133
2025-12-31 03:50:00+00:00,120,88436.86,88453.78,1.9130463942697729,88460.01,1,0.6351039260969977,6908,0,1,0.6351039260969977
2025-12-31 03:50:00+00:00,180,88436.86,88483.06,5.222702005533324,88460.01,1,0.8439241917502787,3568,0,1,0.8439241917502787
2025-12-31 03:50:00+00:00,240,88436.86,88472.45,4.023530528735296,88460.01,1,0.9025839793281654,3850,0,1,0.9025839793281654
2025-12-31 03:55:00+00:00,60,88460.01,88434.65,-2.8672431574521586,88453.04,0,0.36146292870357194,7007,0,0,0.638537071296428
2025-12-31 03:55:00+00:00,120,88460.01,88434.66,-2.8661123790251675,88453.04,0,0.3182711198428291,6088,0,0,0.6817288801571709
2025-12-31 03:55:00+00:00,180,88460.01,88453.05,-0.7868271572018188,88453.04,0,0.42031342400946187,6744,0,0,0.5796865759905381
2025-12-31 03:55:00+00:00,240,88460.01,88453.05,-0.7868271572018188,88453.04,0,0.3684836135167261,5869,0,0,0.6315163864832739
2025-12-31 04:00:00+00:00,60,88453.04,88444.62,-0.9519628474861102,88453.99,1,0.44918122770103375,10911,0,0,0.5508187722989663
2025-12-31 04:00:00+00:00,120,88453.04,88435.79,-1.9503775399136425,88453.99,1,0.36449130806497576,6998,0,0,0.6355086919350242
2025-12-31 04:00:00+00:00,180,88453.04,88464.6,1.306822769789668,88453.99,1,0.671796587487454,5958,0,1,0.671796587487454
2025-12-31 04:00:00+00:00,240,88453.04,88453.99,0.10740104562436313,88453.99,1,0.6464007782101168,6148,0,1,0.6464007782101168
2025-12-31 04:05:00+00:00,60,88453.98,88472.62,2.107088484033255,88441.15,0,0.6463788300835654,7160,0,1,0.6463788300835654
2025-12-31 04:05:00+00:00,120,88453.98,88451.3,-0.30298699961876024,88441.15,0,0.43843880817532627,8102,0,0,0.5615611918246737
2025-12-31 04:05:00+00:00,180,88453.98,88451.29,-0.30411756531755224,88441.15,0,0.42031342400946187,6744,0,0,0.5796865759905381
2025-12-31 04:05:00+00:00,240,88453.98,88449.99,-0.45109219433173525,88441.15,0,0.3684836135167261,5869,0,0,0.6315163864832739
2025-12-31 04:10:00+00:00,60,88441.15,88439.37,-0.2012658036126402,88472.5,1,0.44918122770103375,10911,0,0,0.5508187722989663
2025-12-31 04:10:00+00:00,120,88441.15,88458.83,1.9988696503960826,88472.5,1,0.6351039260969977,6908,0,1,0.6351039260969977
2025-12-31 04:10:00+00:00,180,88441.15,88459.99,2.130003240367052,88472.5,1,0.7370153621068032,5448,0,1,0.7370153621068032
2025-12-31 04:10:00+00:00,240,88441.15,88495.57,6.151351931471806,88472.5,1,0.9323004378578647,2949,0,1,0.9323004378578647
2025-12-31 04:15:00+00:00,60,88472.5,88472.5,0.0,88549.49,1,0.5441675695196821,13825,0,1,0.5441675695196821
2025-12-31 04:15:00+00:00,120,88472.5,88480.11,0.8601172940808133,88549.49,1,0.5704639512088869,9162,0,1,0.5704639512088869
2025-12-31 04:15:00+00:00,180,88472.5,88512.32,4.499821021025172,88549.49,1,0.8201160541586073,4116,0,1,0.8201160541586073
2025-12-31 04:15:00+00:00,240,88472.5,88518.51,5.1991342426270055,88549.49,1,0.9181614349775785,3548,0,1,0.9181614349775785
2025-12-31 04:20:00+00:00,60,88549.49,88482.61,-7.55569223680132,88427.22,0,0.2452431289640592,1872,0,0,0.7547568710359408
2025-12-31 04:20:00+00:00,120,88549.49,88411.22,-15.627200878548885,88427.22,0,0.10649819494584838,534,0,0,0.8935018050541517
2025-12-31 04:20:00+00:00,180,88549.49,88459.51,-10.166715562535966,88427.22,0,0.08766233766233766,1520,0,0,0.9123376623376623
2025-12-31 04:20:00+00:00,240,88549.49,88427.22,-13.817639558774694,88427.22,0,0.03016453382084095,1074,0,0,0.9698354661791591
2025-12-31 04:25:00+00:00,60,88427.22,88438.29,1.2517986140363422,88432.0,1,0.6043804034582133,8655,0,1,0.6043804034582133
2025-12-31 04:25:00+00:00,120,88427.22,88398.77,-3.217852787984913,88432.0,1,0.28777798897547996,5241,0,0,0.7122220110245201
2025-12-31 04:25:00+00:00,180,88427.22,88403.13,-2.7246454185072797,88432.0,1,0.2623252391464312,5416,0,0,0.7376747608535688
2025-12-31 04:25:00+00:00,240,88427.22,88419.99,-0.8176549693963913,88432.0,1,0.3684836135167261,5869,0,0,0.6315163864832739
2025-12-31 04:30:00+00:00,60,88432.0,88446.54,1.644066039073816,88445.43,1,0.6043804034582133,8655,0,1,0.6043804034582133
2025-12-31 04:30:00+00:00,120,88432.0,88442.13,1.1454473315091125,88445.43,1,0.6351039260969977,6908,0,1,0.6351039260969977
2025-12-31 04:30:00+00:00,180,88432.0,88458.0,2.9396800483059375,88445.43,1,0.7370153621068032,5448,0,1,0.7370153621068032
2025-12-31 04:30:00+00:00,240,88432.0,88458.0,2.9396800483059375,88445.43,1,0.8199286846275753,5028,0,1,0.8199286846275753
2025-12-31 04:35:00+00:00,60,88445.42,88454.26,0.9994365176199188,88435.46,0,0.5441675695196821,13825,0,1,0.5441675695196821
2025-12-31 04:35:00+00:00,120,88445.42,88445.43,0.0011306407304049208,88435.46,0,0.5704639512088869,9162,0,1,0.5704639512088869
2025-12-31 04:35:00+00:00,180,88445.42,88445.42,0.0,88435.46,0,0.6031160311603116,7297,0,1,0.6031160311603116
2025-12-31 04:35:00+00:00,240,88445.42,88435.47,-1.1250508758170652,88435.46,0,0.26818098552848507,5439,0,0,0.7318190144715149
2025-12-31 04:40:00+00:00,60,88435.46,88423.08,-1.3999889426011873,88391.16,0,0.3924328065520821,8649,0,0,0.6075671934479179
2025-12-31 04:40:00+00:00,120,88435.46,88426.61,-1.0007798741005234,88391.16,0,0.36449130806497576,6998,0,0,0.6355086919350242
2025-12-31 04:40:00+00:00,180,88435.46,88401.68,-3.820464457962302,88391.16,0,0.21654256389615617,4949,0,0,0.7834574361038438
2025-12-31 04:40:00+00:00,240,88435.46,88401.68,-3.820464457962302,88391.16,0,0.13416502516962137,4549,0,0,0.8658349748303786
2025-12-31 04:45:00+00:00,60,88391.16,88360.83,-3.431927447911309,88388.28,0,0.321805067505086,5387,0,0,0.678194932494914
2025-12-31 04:45:00+00:00,120,88391.16,88333.61,-6.512952545851477,88388.28,0,0.20150720838794234,3032,0,0,0.7984927916120577
2025-12-31 04:45:00+00:00,180,88391.16,88357.81,-3.7737136907536204,88388.28,0,0.21654256389615617,4949,0,0,0.7834574361038438
2025-12-31 04:45:00+00:00,240,88391.16,88357.81,-3.7737136907536204,88388.28,0,0.13416502516962137,4549,0,0,0.8658349748303786
2025-12-31 04:50:00+00:00,60,88388.28,88388.28,0.0,88392.0,1,0.5441675695196821,13825,0,1,0.5441675695196821
2025-12-31 04:50:00+00:00,120,88388.28,88388.28,0.0,88392.0,1,0.5704639512088869,9162,0,1,0.5704639512088869
2025-12-31 04:50:00+00:00,180,88388.28,88406.0,2.0045897479654915,88392.0,1,0.7370153621068032,5448,0,1,0.7370153621068032
2025-12-31 04:50:00+00:00,240,88388.28,88406.01,2.0057208928447245,88392.0,1,0.8199286846275753,5028,0,1,0.8199286846275753
2025-12-31 04:55:00+00:00,60,88392.01,88344.01,-5.431830045759073,88325.06,0,0.2723297938788257,3182,0,0,0.7276702061211743
2025-12-31 04:55:00+00:00,120,88392.01,88343.95,-5.4386216800041405,88325.06,0,0.20780679584386408,3541,0,0,0.7921932041561359
2025-12-31 04:55:00+00:00,180,88392.01,88343.95,-5.4386216800041405,88325.06,0,0.157574079202437,3591,0,0,0.8424259207975631
2025-12-31 04:55:00+00:00,240,88392.01,88335.11,-6.439306198857205,88325.06,0,0.061395049823207974,3091,0,0,0.938604950176792
2025-12-31 05:00:00+00:00,60,88325.07,88360.0,3.953927794246121,88453.03,1,0.6758432087511395,5465,0,1,0.6758432087511395
2025-12-31 05:00:00+00:00,120,88325.07,88367.82,4.838904478176863,88453.03,1,0.7526728439059159,4189,0,1,0.7526728439059159
2025-12-31 05:00:00+00:00,180,88325.07,88410.15,9.627962844333457,88453.03,1,0.8995560488346281,1782,0,1,0.8995560488346281
2025-12-31 05:00:00+00:00,240,88325.07,88416.26,10.319036084177075,88453.03,1,0.9667240390131956,1723,0,1,0.9667240390131956
2025-12-31 05:05:00+00:00,60,88453.04,88461.88,0.9993504230577644,88430.44,0,0.5441675695196821,13825,0,1,0.5441675695196821
2025-12-31 05:05:00+00:00,120,88453.04,88430.93,-2.4999439027913803,88430.44,0,0.3182711198428291,6088,0,0,0.6817288801571709
2025-12-31 05:05:00+00:00,180,88453.04,88430.93,-2.4999439027913803,88430.44,0,0.2623252391464312,5416,0,0,0.7376747608535688
2025-12-31 05:05:00+00:00,240,88453.04,88430.44,-2.555354533161198,88430.44,0,0.18210547106458622,5043,0,0,0.8178945289354138
2025-12-31 05:10:00+00:00,60,88430.44,88380.01,-5.704414118907146,88417.48,0,0.2723297938788257,3182,0,0,0.7276702061211743
2025-12-31 05:10:00+00:00,120,88430.44,88405.78,-2.789021407476198,88417.48,0,0.3182711198428291,6088,0,0,0.6817288801571709
2025-12-31 05:10:00+00:00,180,88430.44,88405.78,-2.789021407476198,88417.48,0,0.2623252391464312,5416,0,0,0.7376747608535688
2025-12-31 05:10:00+00:00,240,88430.44,88426.82,-0.40936968044134386,88417.48,0,0.3684836135167261,5869,0,0,0.6315163864832739
2025-12-31 05:15:00+00:00,60,88417.47,88417.47,0.0,88360.57,0,0.5441675695196821,13825,0,1,0.5441675695196821
2025-12-31 05:15:00+00:00,120,88417.47,88388.32,-3.297403355864079,88360.57,0,0.28777798897547996,5241,0,0,0.7122220110245201
2025-12-31 05:15:00+00:00,180,88417.47,88397.15,-2.298452479717596,88360.57,0,0.2623252391464312,5416,0,0,0.7376747608535688
2025-12-31 05:15:00+00:00,240,88417.47,88360.57,-6.437451389887251,88360.57,0,0.061395049823207974,3091,0,0,0.938604950176792
2025-12-31 05:20:00+00:00,60,88360.58,88386.73,2.9590266681614947,88421.54,1,0.6463788300835654,7160,0,1,0.6463788300835654
2025-12-31 05:20:00+00:00,120,88360.58,88389.43,3.2644977226538656,88421.54,1,0.7333333333333333,5230,0,1,0.7333333333333333
2025-12-31 05:20:00+00:00,180,88360.58,88402.84,4.781532378718044,88421.54,1,0.8201160541586073,4116,0,1,0.8201160541586073
2025-12-31 05:20:00+00:00,240,88360.58,88410.0,5.591428312059171,88421.54,1,0.9181614349775785,3548,0,1,0.9181614349775785
2025-12-31 05:25:00+00:00,60,88421.55,88447.07,2.8857578214954898,88460.34,1,0.6463788300835654,7160,0,1,0.6463788300835654
2025-12-31 05:25:00+00:00,120,88421.55,88449.53,3.163886400579581,88460.34,1,0.7333333333333333,5230,0,1,0.7333333333333333
2025-12-31 05:25:00+00:00,180,88421.55,88400.0,-2.4374857144620194,88460.34,1,0.2623252391464312,5416,0,0,0.7376747608535688
2025-12-31 05:25:00+00:00,240,88421.55,88425.45,0.44105922075387377,88460.34,1,0.6464007782101168,6148,0,1,0.6464007782101168
2025-12-31 05:30:00+00:00,60,88460.34,88463.44,0.350433390053569,88471.27,1,0.5441675695196821,13825,0,1,0.5441675695196821
2025-12-31 05:30:00+00:00,120,88460.34,88488.94,3.2325647495208445,88471.27,1,0.7333333333333333,5230,0,1,0.7333333333333333
2025-12-31 05:30:00+00:00,180,88460.34,88490.41,3.3986858252318126,88471.27,1,0.7870081199250468,4783,0,1,0.7870081199250468
2025-12-31 05:30:00+00:00,240,88460.34,88465.79,0.6160763253824507,88471.27,1,0.6464007782101168,6148,0,1,0.6464007782101168
2025-12-31 05:35:00+00:00,60,88471.27,88456.65,-1.6526504164283136,88472.82,1,0.3924328065520821,8649,0,0,0.6075671934479179
2025-12-31 05:35:00+00:00,120,88471.27,88454.26,-1.9228429105083378,88472.82,1,0.36449130806497576,6998,0,0,0.6355086919350242
2025-12-31 05:35:00+00:00,180,88471.27,88440.0,-3.5351055165285357,88472.82,1,0.21654256389615617,4949,0,0,0.7834574361038438
2025-12-31 05:35:00+00:00,240,88471.27,88472.82,0.17519658328761517,88472.82,1,0.6464007782101168,6148,0,1,0.6464007782101168
2025-12-31 05:40:00+00:00,60,88472.82,88457.99,-1.6763615149599778,88526.05,1,0.3924328065520821,8649,0,0,0.6075671934479179
2025-12-31 05:40:00+00:00,120,88472.82,88488.84,1.8105616825411266,88526.05,1,0.6351039260969977,6908,0,1,0.6351039260969977
2025-12-31 05:40:00+00:00,180,88472.82,88508.61,4.044492180661874,88526.05,1,0.8201160541586073,4116,0,1,0.8201160541586073
2025-12-31 05:40:00+00:00,240,88472.82,88515.57,4.830825437914464,88526.05,1,0.9025839793281654,3850,0,1,0.9025839793281654
2025-12-31 05:45:00+00:00,60,88526.06,88520.99,-0.5727291136882456,88503.91,0,0.44918122770103375,10911,0,0,0.5508187722989663
2025-12-31 05:45:00+00:00,120,88526.06,88521.0,-0.5715994381803687,88503.91,0,0.43843880817532627,8102,0,0,0.5615611918246737
2025-12-31 05:45:00+00:00,180,88526.06,88520.99,-0.5727291136882456,88503.91,0,0.42031342400946187,6744,0,0,0.5796865759905381
2025-12-31 05:45:00+00:00,240,88526.06,88503.92,-2.501271266643582,88503.91,0,0.18210547106458622,5043,0,0,0.8178945289354138
2025-12-31 05:50:00+00:00,60,88503.91,88491.15,-1.4418481535153522,88487.73,0,0.3924328065520821,8649,0,0,0.6075671934479179
2025-12-31 05:50:00+00:00,120,88503.91,88472.5,-3.5496256625167772,88487.73,0,0.28777798897547996,5241,0,0,0.7122220110245201
2025-12-31 05:50:00+00:00,180,88503.91,88458.11,-5.176252059353929,88487.73,0,0.157574079202437,3591,0,0,0.8424259207975631
2025-12-31 05:50:00+00:00,240,88503.91,88467.0,-4.1713070848984355,88487.73,0,0.0959980358458139,4053,0,0,0.9040019641541861
2025-12-31 05:55:00+00:00,60,88487.73,88487.73,0.0,88463.09,0,0.5441675695196821,13825,0,1,0.5441675695196821
2025-12-31 05:55:00+00:00,120,88487.73,88487.73,0.0,88463.09,0,0.5704639512088869,9162,0,1,0.5704639512088869
2025-12-31 05:55:00+00:00,180,88487.73,88456.34,-3.548013824853088,88463.09,0,0.21654256389615617,4949,0,0,0.7834574361038438
2025-12-31 05:55:00+00:00,240,88487.73,88469.29,-2.084121903358555,88463.09,0,0.18210547106458622,5043,0,0,0.8178945289354138
2025-12-31 06:00:00+00:00,60,88463.1,88463.1,0.0,88484.86,1,0.5441675695196821,13825,0,1,0.5441675695196821
2025-12-31 06:00:00+00:00,120,88463.1,88484.81,2.453829503713543,88484.86,1,0.6929419525065963,6044,0,1,0.6929419525065963
2025-12-31 06:00:00+00:00,180,88463.1,88484.82,2.4549596411298165,88484.86,1,0.7370153621068032,5448,0,1,0.7370153621068032
2025-12-31 06:00:00+00:00,240,88463.1,88484.86,2.4594801895065994,88484.86,1,0.8199286846275753,5028,0,1,0.8199286846275753
2025-12-31 06:05:00+00:00,60,88484.85,88511.12,2.9684291899863435,88498.95,1,0.6463788300835654,7160,0,1,0.6463788300835654
2025-12-31 06:05:00+00:00,120,88484.85,88523.68,4.387359255832597,88498.95,1,0.7526728439059159,4189,0,1,0.7526728439059159
2025-12-31 06:05:00+00:00,180,88484.85,88486.4,0.17516969564690832,88498.95,1,0.6031160311603116,7297,0,1,0.6031160311603116
2025-12-31 06:05:00+00:00,240,88484.85,88484.84,-0.0011301370323129165,88498.95,1,0.3684836135167261,5869,0,0,0.6315163864832739
2025-12-31 06:10:00+00:00,60,88498.96,88502.24,0.370618956298753,88531.05,1,0.5441675695196821,13825,0,1,0.5441675695196821
2025-12-31 06:10:00+00:00,120,88498.96,88531.04,3.624244518005518,88531.05,1,0.7333333333333333,5230,0,1,0.7333333333333333
2025-12-31 06:10:00+00:00,180,88498.96,88531.04,3.624244518005518,88531.05,1,0.7870081199250468,4783,0,1,0.7870081199250468
2025-12-31 06:10:00+00:00,240,88498.96,88531.05,3.625374065275655,88531.05,1,0.8613728129205922,4438,0,1,0.8613728129205922
2025-12-31 06:15:00+00:00,60,88531.04,88517.9,-1.484335350906509,88500.0,0,0.3924328065520821,8649,0,0,0.6075671934479179
2025-12-31 06:15:00+00:00,120,88531.04,88509.94,-2.383628931550105,88500.0,0,0.3182711198428291,6088,0,0,0.6817288801571709
2025-12-31 06:15:00+00:00,180,88531.04,88472.5,-6.614557215565226,88500.0,0,0.14115755627009646,3090,0,0,0.8588424437299036
2025-12-31 06:15:00+00:00,240,88531.04,88486.17,-5.069563683777196,88500.0,0,0.07445008460236886,3526,0,0,0.9255499153976311
2025-12-31 06:20:00+00:00,60,88499.99,88521.55,2.4358617721442246,88535.32,1,0.6463788300835654,7160,0,1,0.6463788300835654
2025-12-31 06:20:00+00:00,120,88499.99,88521.55,2.4358617721442246,88535.32,1,0.6929419525065963,6044,0,1,0.6929419525065963
2025-12-31 06:20:00+00:00,180,88499.99,88535.0,3.9551503865299837,88535.32,1,0.7870081199250468,4783,0,1,0.7870081199250468
2025-12-31 06:20:00+00:00,240,88499.99,88554.82,6.193562519170786,88535.32,1,0.9323004378578647,2949,0,1,0.9323004378578647
2025-12-31 06:25:00+00:00,60,88535.31,88535.31,0.0,88534.66,0,0.5441675695196821,13825,0,1,0.5441675695196821
2025-12-31 06:25:00+00:00,120,88535.31,88535.32,0.0011294927910134279,88534.66,0,0.5704639512088869,9162,0,1,0.5704639512088869
2025-12-31 06:25:00+00:00,180,88535.31,88511.49,-2.6908139705115,88534.66,0,0.2623252391464312,5416,0,0,0.7376747608535688
2025-12-31 06:25:00+00:00,240,88535.31,88534.65,-0.07454680624641385,88534.66,0,0.3684836135167261,5869,0,0,0.6315163864832739
2025-12-31 06:30:00+00:00,60,88534.66,88550.36,1.773159586410573,88561.68,1,0.6043804034582133,8655,0,1,0.6043804034582133
2025-12-31 06:30:00+00:00,120,88534.66,88552.0,1.9583632166786396,88561.68,1,0.6351039260969977,6908,0,1,0.6351039260969977
2025-12-31 06:30:00+00:00,180,88534.66,88561.68,3.0514464849649503,88561.68,1,0.7870081199250468,4783,0,1,0.7870081199250468
2025-12-31 06:30:00+00:00,240,88534.66,88561.68,3.0514464849649503,88561.68,1,0.8613728129205922,4438,0,1,0.8613728129205922
2025-12-31 06:35:00+00:00,60,88561.68,88550.01,-1.3178125076762444,88515.56,0,0.3924328065520821,8649,0,0,0.6075671934479179
2025-12-31 06:35:00+00:00,120,88561.68,88539.0,-2.561255001842162,88515.56,0,0.3182711198428291,6088,0,0,0.6817288801571709
2025-12-31 06:35:00+00:00,180,88561.68,88524.42,-4.20812255166706,88515.56,0,0.1799183281287533,4143,0,0,0.8200816718712467
2025-12-31 06:35:00+00:00,240,88561.68,88509.75,-5.865429729549968,88515.56,0,0.07445008460236886,3526,0,0,0.9255499153976311
2025-12-31 06:40:00+00:00,60,88515.57,88516.06,0.0553573392501746,88507.86,0,0.5441675695196821,13825,0,1,0.5441675695196821
2025-12-31 06:40:00+00:00,120,88515.57,88516.07,0.05648707767683157,88507.86,0,0.5704639512088869,9162,0,1,0.5704639512088869
2025-12-31 06:40:00+00:00,180,88515.57,88486.39,-3.297138660425836,88507.86,0,0.21654256389615617,4949,0,0,0.7834574361038438
2025-12-31 06:40:00+00:00,240,88515.57,88486.39,-3.297138660425836,88507.86,0,0.13416502516962137,4549,0,0,0.8658349748303786
2025-12-31 06:45:00+00:00,60,88507.87,88507.87,0.0,88538.01,1,0.5441675695196821,13825,0,1,0.5441675695196821
2025-12-31 06:45:00+00:00,120,88507.87,88507.86,-0.0011298430929623708,88538.01,1,0.43843880817532627,8102,0,0,0.5615611918246737
2025-12-31 06:45:00+00:00,180,88507.87,88524.43,1.8708450433385502,88538.01,1,0.671796587487454,5958,0,1,0.671796587487454
2025-12-31 06:45:00+00:00,240,88507.87,88527.98,2.271856246799682,88538.01,1,0.8199286846275753,5028,0,1,0.8199286846275753
2025-12-31 06:50:00+00:00,60,88538.01,88538.0,-0.0011294584728053863,88517.87,0,0.44918122770103375,10911,0,0,0.5508187722989663
2025-12-31 06:50:00+00:00,120,88538.01,88508.65,-3.316639835977838,88517.87,0,0.28777798897547996,5241,0,0,0.7122220110245201
2025-12-31 06:50:00+00:00,180,88538.01,88508.65,-3.316639835977838,88517.87,0,0.21654256389615617,4949,0,0,0.7834574361038438
2025-12-31 06:50:00+00:00,240,88538.01,88517.87,-2.2749879966553825,88517.87,0,0.18210547106458622,5043,0,0,0.8178945289354138
2025-12-31 06:55:00+00:00,60,88517.87,88517.87,0.0,88512.92,0,0.5441675695196821,13825,0,1,0.5441675695196821
2025-12-31 06:55:00+00:00,120,88517.87,88517.86,-0.0011297154528272552,88512.92,0,0.43843880817532627,8102,0,0,0.5615611918246737
2025-12-31 06:55:00+00:00,180,88517.87,88489.87,-3.163703489298833,88512.92,0,0.21654256389615617,4949,0,0,0.7834574361038438
2025-12-31 06:55:00+00:00,240,88517.87,88512.93,-0.5580949757087958,88512.92,0,0.3684836135167261,5869,0,0,0.6315163864832739
2025-12-31 07:00:00+00:00,60,88512.93,88500.0,-1.4609102310197841,88472.5,0,0.3924328065520821,8649,0,0,0.6075671934479179
2025-12-31 07:00:00+00:00,120,88512.93,88472.5,-4.568737743356106,88472.5,0,0.23990825688073394,4340,0,0,0.7600917431192661
2025-12-31 07:00:00+00:00,180,88512.93,88441.89,-8.029168554602643,88472.5,0,0.0943566591422122,2195,0,0,0.9056433408577877
2025-12-31 07:00:00+00:00,240,88512.93,88472.51,-4.567607448696225,88472.5,0,0.0959980358458139,4053,0,0,0.9040019641541861
2025-12-31 07:05:00+00:00,60,88472.51,88472.5,-0.0011302946595753219,88485.25,1,0.44918122770103375,10911,0,0,0.5508187722989663
2025-12-31 07:05:00+00:00,120,88472.51,88506.13,3.799328597443421,88485.25,1,0.7333333333333333,5230,0,1,0.7333333333333333
2025-12-31 07:05:00+00:00,180,88472.51,88506.14,3.8004584626207984,88485.25,1,0.7870081199250468,4783,0,1,0.7870081199250468
2025-12-31 07:05:00+00:00,240,88472.51,88485.26,1.4410217784792905,88485.25,1,0.7472212262459663,5558,0,1,0.7472212262459663
2025-12-31 07:10:00+00:00,60,88485.26,88485.25,-0.001130131793169871,88489.64,1,0.44918122770103375,10911,0,0,0.5508187722989663
2025-12-31 07:10:00+00:00,120,88485.26,88485.25,-0.001130131793169871,88489.64,1,0.43843880817532627,8102,0,0,0.5615611918246737
2025-12-31 07:10:00+00:00,180,88485.26,88485.26,0.0,88489.64,1,0.6031160311603116,7297,0,1,0.6031160311603116
2025-12-31 07:10:00+00:00,240,88485.26,88485.25,-0.001130131793169871,88489.64,1,0.3684836135167261,5869,0,0,0.6315163864832739
2025-12-31 07:15:00+00:00,60,88489.64,88489.64,0.0,88450.28,0,0.5441675695196821,13825,0,1,0.5441675695196821
2025-12-31 07:15:00+00:00,120,88489.64,88489.65,0.0011300757268693244,88450.28,0,0.5704639512088869,9162,0,1,0.5704639512088869
2025-12-31 07:15:00+00:00,180,88489.64,88489.65,0.0011300757268693244,88450.28,0,0.6031160311603116,7297,0,1,0.6031160311603116
2025-12-31 07:15:00+00:00,240,88489.64,88472.5,-1.9371375203303005,88450.28,0,0.26818098552848507,5439,0,0,0.7318190144715149
2025-12-31 07:20:00+00:00,60,88450.28,88452.4,0.23967980587908164,88480.51,1,0.5441675695196821,13825,0,1,0.5441675695196821
2025-12-31 07:20:00+00:00,120,88450.28,88454.11,0.4330022562573343,88480.51,1,0.5704639512088869,9162,0,1,0.5704639512088869
2025-12-31 07:20:00+00:00,180,88450.28,88454.11,0.4330022562573343,88480.51,1,0.6031160311603116,7297,0,1,0.6031160311603116
2025-12-31 07:20:00+00:00,240,88450.28,88454.12,0.4341327859108606,88480.51,1,0.6464007782101168,6148,0,1,0.6464007782101168
2025-12-31 07:25:00+00:00,60,88480.51,88559.99,8.978737106999791,88538.89,1,0.7643356643356644,1410,0,1,0.7643356643356644
2025-12-31 07:25:00+00:00,120,88480.51,88573.65,10.521075425918042,88538.89,1,0.8625664388762339,1297,0,1,0.8625664388762339
2025-12-31 07:25:00+00:00,180,88480.51,88568.31,9.918169146499283,88538.89,1,0.8995560488346281,1782,0,1,0.8995560488346281
2025-12-31 07:25:00+00:00,240,88480.51,88563.46,9.370554226691533,88538.89,1,0.9704170708050437,2042,0,1,0.9704170708050437
2025-12-31 07:30:00+00:00,60,88538.88,88524.09,-1.6705921101858487,88550.64,1,0.3924328065520821,8649,0,0,0.6075671934479179
2025-12-31 07:30:00+00:00,120,88538.88,88561.91,2.6007789270516923,88550.64,1,0.6929419525065963,6044,0,1,0.6929419525065963
2025-12-31 07:30:00+00:00,180,88538.88,88550.64,1.3281418366580264,88550.64,1,0.671796587487454,5958,0,1,0.671796587487454
2025-12-31 07:30:00+00:00,240,88538.88,88550.64,1.3281418366580264,88550.64,1,0.7472212262459663,5558,0,1,0.7472212262459663
2025-12-31 07:35:00+00:00,60,88550.64,88599.47,5.512838940566535,88617.99,1,0.7065553494124923,3214,0,1,0.7065553494124923
2025-12-31 07:35:00+00:00,120,88550.64,88596.59,5.187775279415388,88617.99,1,0.7888670227719988,3537,0,1,0.7888670227719988
2025-12-31 07:35:00+00:00,180,88550.64,88578.01,3.09040917071532,88617.99,1,0.7870081199250468,4783,0,1,0.7870081199250468
2025-12-31 07:35:00+00:00,240,88550.64,88617.98,7.601798020759633,88617.99,1,0.9458164393660154,2693,0,1,0.9458164393660154
2025-12-31 07:40:00+00:00,60,88617.98,88631.98,1.5796900635809843,88618.0,1,0.6043804034582133,8655,0,1,0.6043804034582133
2025-12-31 07:40:00+00:00,120,88617.98,88631.98,1.5796900635809843,88618.0,1,0.6351039260969977,6908,0,1,0.6351039260969977
2025-12-31 07:40:00+00:00,180,88617.98,88618.0,0.002256878089534002,88618.0,1,0.6031160311603116,7297,0,1,0.6031160311603116
2025-12-31 07:40:00+00:00,240,88617.98,88618.0,0.002256878089534002,88618.0,1,0.6464007782101168,6148,0,1,0.6464007782101168
2025-12-31 07:45:00+00:00,60,88617.99,88573.69,-5.000234878184223,88600.01,0,0.2723297938788257,3182,0,0,0.7276702061211743
2025-12-31 07:45:00+00:00,120,88617.99,88608.58,-1.0619175227337447,88600.01,0,0.36449130806497576,6998,0,0,0.6355086919350242
2025-12-31 07:45:00+00:00,180,88617.99,88614.21,-0.4265590564893559,88600.01,0,0.42031342400946187,6744,0,0,0.5796865759905381
2025-12-31 07:45:00+00:00,240,88617.99,88614.21,-0.4265590564893559,88600.01,0,0.3684836135167261,5869,0,0,0.6315163864832739
2025-12-31 07:50:00+00:00,60,88600.0,88580.55,-2.195500587183547,88612.14,1,0.36146292870357194,7007,0,0,0.638537071296428
2025-12-31 07:50:00+00:00,120,88600.0,88606.95,0.7843936147605756,88612.14,1,0.5704639512088869,9162,0,1,0.5704639512088869
2025-12-31 07:50:00+00:00,180,88600.0,88606.97,0.7866507737932732,88612.14,1,0.6031160311603116,7297,0,1,0.6031160311603116
2025-12-31 07:50:00+00:00,240,88600.0,88618.0,2.0313963662712577,88612.14,1,0.8199286846275753,5028,0,1,0.8199286846275753
2025-12-31 07:55:00+00:00,60,88612.14,88632.52,2.299646160263978,88613.12,1,0.6463788300835654,7160,0,1,0.6463788300835654
2025-12-31 07:55:00+00:00,120,88612.14,88632.51,2.2985179061460617,88613.12,1,0.6929419525065963,6044,0,1,0.6929419525065963
2025-12-31 07:55:00+00:00,180,88612.14,88613.12,0.11059371559213688,88613.12,1,0.6031160311603116,7297,0,1,0.6031160311603116
2025-12-31 07:55:00+00:00,240,88612.14,88613.11,0.10946521446642847,88613.12,1,0.6464007782101168,6148,0,1,0.6464007782101168
2025-12-31 08:00:00+00:00,60,88613.11,88623.34,1.1543900830051672,88682.26,1,0.6043804034582133,8655,0,1,0.6043804034582133
2025-12-31 08:00:00+00:00,120,88613.11,88649.91,4.15202229192319,88682.26,1,0.7526728439059159,4189,0,1,0.7526728439059159
2025-12-31 08:00:00+00:00,180,88613.11,88682.27,7.801670129015668,88682.26,1,0.8873563218390804,2590,0,1,0.8873563218390804
2025-12-31 08:00:00+00:00,240,88613.11,88682.26,7.800542507837872,88682.26,1,0.9458164393660154,2693,0,1,0.9458164393660154
2025-12-31 08:05:00+00:00,60,88682.26,88682.27,0.0011276211772497371,88733.33,1,0.5441675695196821,13825,0,1,0.5441675695196821
2025-12-31 08:05:00+00:00,120,88682.26,88694.87,1.4218292991039716,88733.33,1,0.6351039260969977,6908,0,1,0.6351039260969977
2025-12-31 08:05:00+00:00,180,88682.26,88710.38,3.17036831241085,88733.33,1,0.7870081199250468,4783,0,1,0.7870081199250468
2025-12-31 08:05:00+00:00,240,88682.26,88733.33,5.757104142941597,88733.33,1,0.9181614349775785,3548,0,1,0.9181614349775785
2025-12-31 08:10:00+00:00,60,88733.33,88686.79,-5.246304767178656,88695.04,0,0.2723297938788257,3182,0,0,0.7276702061211743
2025-12-31 08:10:00+00:00,120,88733.33,88665.46,-7.651687287314111,88695.04,0,0.18138041733547353,2472,0,0,0.8186195826645265
2025-12-31 08:10:00+00:00,180,88733.33,88692.81,-4.567534491192177,88695.04,0,0.1799183281287533,4143,0,0,0.8200816718712467
2025-12-31 08:10:00+00:00,240,88733.33,88692.81,-4.567534491192177,88695.04,0,0.0959980358458139,4053,0,0,0.9040019641541861
2025-12-31 08:15:00+00:00,60,88695.04,88660.68,-3.874698874090809,88660.15,0,0.321805067505086,5387,0,0,0.678194932494914
2025-12-31 08:15:00+00:00,120,88695.04,88639.05,-6.314634919938741,88660.15,0,0.20150720838794234,3032,0,0,0.7984927916120577
2025-12-31 08:15:00+00:00,180,88695.04,88641.26,-6.0653122512099475,88660.15,0,0.14115755627009646,3090,0,0,0.8588424437299036
2025-12-31 08:15:00+00:00,240,88695.04,88660.15,-3.934477525025899,88660.15,0,0.13416502516962137,4549,0,0,0.8658349748303786
2025-12-31 08:20:00+00:00,60,88660.15,88689.77,3.3402891047721672,88661.09,1,0.6758432087511395,5465,0,1,0.6758432087511395
2025-12-31 08:20:00+00:00,120,88660.15,88689.76,3.3391615789507156,88661.09,1,0.7333333333333333,5230,0,1,0.7333333333333333
2025-12-31 08:20:00+00:00,180,88660.15,88679.99,2.237508110999101,88661.09,1,0.7370153621068032,5448,0,1,0.7370153621068032
2025-12-31 08:20:00+00:00,240,88660.15,88679.99,2.237508110999101,88661.09,1,0.8199286846275753,5028,0,1,0.8199286846275753
2025-12-31 08:25:00+00:00,60,88661.09,88650.55,-1.1888672410233074,88661.6,1,0.3924328065520821,8649,0,0,0.6075671934479179
2025-12-31 08:25:00+00:00,120,88661.09,88641.26,-2.236856994020292,88661.6,1,0.3182711198428291,6088,0,0,0.6817288801571709
2025-12-31 08:25:00+00:00,180,88661.09,88641.26,-2.236856994020292,88661.6,1,0.2623252391464312,5416,0,0,0.7376747608535688
2025-12-31 08:25:00+00:00,240,88661.09,88661.6,0.057522249410575925,88661.6,1,0.6464007782101168,6148,0,1,0.6464007782101168
2025-12-31 08:30:00+00:00,60,88661.6,88661.6,0.0,88599.99,0,0.5441675695196821,13825,0,1,0.5441675695196821
2025-12-31 08:30:00+00:00,120,88661.6,88589.13,-8.17711769515521,88599.99,0,0.173890608875129,1918,0,0,0.826109391124871
2025-12-31 08:30:00+00:00,180,88661.6,88585.04,-8.638810277176045,88599.99,0,0.0943566591422122,2195,0,0,0.9056433408577877
2025-12-31 08:30:00+00:00,240,88661.6,88600.0,-6.950180126961162,88599.99,0,0.061395049823207974,3091,0,0,0.938604950176792
2025-12-31 08:35:00+00:00,60,88600.0,88582.29,-1.9990711327842305,88461.55,0,0.3924328065520821,8649,0,0,0.6075671934479179
2025-12-31 08:35:00+00:00,120,88600.0,88573.65,-2.974482965641853,88461.55,0,0.3182711198428291,6088,0,0,0.6817288801571709
2025-12-31 08:35:00+00:00,180,88600.0,88494.0,-11.971045056149382,88461.55,0,0.08652373660030628,1286,0,0,0.9134762633996937
2025-12-31 08:35:00+00:00,240,88600.0,88523.61,-8.62561515500506,88461.55,0,0.04361370716510903,2227,0,0,0.956386292834891
2025-12-31 08:40:00+00:00,60,88461.54,88436.48,-2.833270849231129,88420.02,0,0.36146292870357194,7007,0,0,0.638537071296428
2025-12-31 08:40:00+00:00,120,88461.54,88406.42,-6.2328984610285785,88420.02,0,0.20150720838794234,3032,0,0,0.7984927916120577
2025-12-31 08:40:00+00:00,180,88461.54,88417.22,-5.011342337262191,88420.02,0,0.157574079202437,3591,0,0,0.8424259207975631
2025-12-31 08:40:00+00:00,240,88461.54,88413.15,-5.471670503823309,88420.02,0,0.07445008460236886,3526,0,0,0.9255499153976311
2025-12-31 08:45:00+00:00,60,88420.02,88419.99,-0.0033928973424614856,88459.64,1,0.44918122770103375,10911,0,0,0.5508187722989663
2025-12-31 08:45:00+00:00,120,88420.02,88410.99,-1.0213140792270659,88459.64,1,0.36449130806497576,6998,0,0,0.6355086919350242
2025-12-31 08:45:00+00:00,180,88420.02,88430.98,1.2394614691497736,88459.64,1,0.671796587487454,5958,0,1,0.671796587487454
2025-12-31 08:45:00+00:00,240,88420.02,88439.82,2.2390611777922658,88459.64,1,0.8199286846275753,5028,0,1,0.8199286846275753
2025-12-31 08:50:00+00:00,60,88459.64,88429.95,-3.3568962739762505,88433.58,0,0.321805067505086,5387,0,0,0.678194932494914
2025-12-31 08:50:00+00:00,120,88459.64,88420.0,-4.482143978088844,88433.58,0,0.23990825688073394,4340,0,0,0.7600917431192661
2025-12-31 08:50:00+00:00,180,88459.64,88433.57,-2.9475410829770565,88433.58,0,0.2623252391464312,5416,0,0,0.7376747608535688
2025-12-31 08:50:00+00:00,240,88459.64,88433.58,-2.9464102907425005,88433.58,0,0.18210547106458622,5043,0,0,0.8178945289354138
2025-12-31 08:55:00+00:00,60,88433.57,88433.58,0.0011307922358626222,88434.65,1,0.5441675695196821,13825,0,1,0.5441675695196821
2025-12-31 08:55:00+00:00,120,88433.57,88433.58,0.0011307922358626222,88434.65,1,0.5704639512088869,9162,0,1,0.5704639512088869
2025-12-31 08:55:00+00:00,180,88433.57,88433.58,0.0011307922358626222,88434.65,1,0.6031160311603116,7297,0,1,0.6031160311603116
2025-12-31 08:55:00+00:00,240,88433.57,88434.66,0.1232556010776118,88434.65,1,0.6464007782101168,6148,0,1,0.6464007782101168
2025-12-31 09:00:00+00:00,60,88434.66,88460.01,2.8661123790237406,88565.59,1,0.6463788300835654,7160,0,1,0.6463788300835654
2025-12-31 09:00:00+00:00,120,88434.66,88479.92,5.116593667678648,88565.59,1,0.7888670227719988,3537,0,1,0.7888670227719988
2025-12-31 09:00:00+00:00,180,88434.66,88515.17,9.099755061144394,88565.59,1,0.8995560488346281,1782,0,1,0.8995560488346281
2025-12-31 09:00:00+00:00,240,88434.66,88549.99,13.032770505724947,88565.59,1,0.9735915492957746,1116,0,1,0.9735915492957746
2025-12-31 09:05:00+00:00,60,88565.59,88516.8,-5.510429493816922,88572.33,1,0.2723297938788257,3182,0,0,0.7276702061211743
2025-12-31 09:05:00+00:00,120,88565.59,88539.64,-2.9304611936877447,88572.33,1,0.3182711198428291,6088,0,0,0.6817288801571709
2025-12-31 09:05:00+00:00,180,88565.59,88539.63,-2.931590631367382,88572.33,1,0.2623252391464312,5416,0,0,0.7376747608535688
2025-12-31 09:05:00+00:00,240,88565.59,88519.01,-5.260762491405384,88572.33,1,0.07445008460236886,3526,0,0,0.9255499153976311
2025-12-31 09:10:00+00:00,60,88572.32,88551.01,-2.4062330019238054,88552.15,0,0.36146292870357194,7007,0,0,0.638537071296428
2025-12-31 09:10:00+00:00,120,88572.32,88559.86,-1.406858993160305,88552.15,0,0.36449130806497576,6998,0,0,0.6355086919350242
2025-12-31 09:10:00+00:00,180,88572.32,88561.7,-1.1990920787249415,88552.15,0,0.32701421800947866,6099,0,0,0.6729857819905214
2025-12-31 09:10:00+00:00,240,88572.32,88552.15,-2.2774944746145946,88552.15,0,0.18210547106458622,5043,0,0,0.8178945289354138
2025-12-31 09:15:00+00:00,60,88552.14,88583.17,3.5035364002138096,88573.25,1,0.6758432087511395,5465,0,1,0.6758432087511395
2025-12-31 09:15:00+00:00,120,88552.14,88575.9,2.68280506491305,88573.25,1,0.6929419525065963,6044,0,1,0.6929419525065963
2025-12-31 09:15:00+00:00,180,88552.14,88579.84,3.1276114257630496,88573.25,1,0.7870081199250468,4783,0,1,0.7870081199250468
2025-12-31 09:15:00+00:00,240,88552.14,88589.84,4.256472753571607,88573.25,1,0.9025839793281654,3850,0,1,0.9025839793281654
2025-12-31 09:20:00+00:00,60,88573.25,88583.79,1.1899047322565268,88585.59,1,0.6043804034582133,8655,0,1,0.6043804034582133
2025-12-31 09:20:00+00:00,120,88573.25,88583.79,1.1899047322565268,88585.59,1,0.6351039260969977,6908,0,1,0.6351039260969977
2025-12-31 09:20:00+00:00,180,88573.25,88597.0,2.681037041180799,88585.59,1,0.7370153621068032,5448,0,1,0.7370153621068032
2025-12-31 09:20:00+00:00,240,88573.25,88597.0,2.681037041180799,88585.59,1,0.8199286846275753,5028,0,1,0.8199286846275753
2025-12-31 09:25:00+00:00,60,88585.59,88585.59,0.0,88597.0,1,0.5441675695196821,13825,0,1,0.5441675695196821
2025-12-31 09:25:00+00:00,120,88585.59,88585.6,0.001128851706122924,88597.0,1,0.5704639512088869,9162,0,1,0.5704639512088869
2025-12-31 09:25:00+00:00,180,88585.59,88591.8,0.700992378604434,88597.0,1,0.6031160311603116,7297,0,1,0.6031160311603116
2025-12-31 09:25:00+00:00,240,88585.59,88597.0,1.2879369260578009,88597.0,1,0.7472212262459663,5558,0,1,0.7472212262459663
2025-12-31 09:30:00+00:00,60,88597.0,88580.5,-1.8625389846570266,88582.29,0,0.3924328065520821,8649,0,0,0.6075671934479179
2025-12-31 09:30:00+00:00,120,88597.0,88580.49,-1.8636679013546467,88582.29,0,0.36449130806497576,6998,0,0,0.6355086919350242
2025-12-31 09:30:00+00:00,180,88597.0,88580.5,-1.8625389846570266,88582.29,0,0.32701421800947866,6099,0,0,0.6729857819905214
2025-12-31 09:30:00+00:00,240,88597.0,88580.5,-1.8625389846570266,88582.29,0,0.26818098552848507,5439,0,0,0.7318190144715149
2025-12-31 09:35:00+00:00,60,88582.29,88582.3,0.0011288937591459034,88664.77,1,0.5441675695196821,13825,0,1,0.5441675695196821
2025-12-31 09:35:00+00:00,120,88582.29,88621.9,4.470548993192158,88664.77,1,0.7526728439059159,4189,0,1,0.7526728439059159
2025-12-31 09:35:00+00:00,180,88582.29,88617.04,3.9221367761910524,88664.77,1,0.7870081199250468,4783,0,1,0.7870081199250468
2025-12-31 09:35:00+00:00,240,88582.29,88656.34,8.355966677086158,88664.77,1,0.9523396880415944,2288,0,1,0.9523396880415944
2025-12-31 09:40:00+00:00,60,88664.77,88650.36,-1.6253548167856775,88651.0,0,0.3924328065520821,8649,0,0,0.6075671934479179
2025-12-31 09:40:00+00:00,120,88664.77,88660.99,-0.42633399688445334,88651.0,0,0.43843880817532627,8102,0,0,0.5615611918246737
2025-12-31 09:40:00+00:00,180,88664.77,88660.99,-0.42633399688445334,88651.0,0,0.42031342400946187,6744,0,0,0.5796865759905381
2025-12-31 09:40:00+00:00,240,88664.77,88660.98,-0.4274618887091252,88651.0,0,0.3684836135167261,5869,0,0,0.6315163864832739
2025-12-31 09:45:00+00:00,60,88651.01,88651.0,-0.0011280187964868168,88674.81,1,0.44918122770103375,10911,0,0,0.5508187722989663
2025-12-31 09:45:00+00:00,120,88651.01,88697.94,5.292391197738565,88674.81,1,0.7888670227719988,3537,0,1,0.7888670227719988
2025-12-31 09:45:00+00:00,180,88651.01,88690.01,4.3983056631473305,88674.81,1,0.8201160541586073,4116,0,1,0.8201160541586073
2025-12-31 09:45:00+00:00,240,88651.01,88690.0,4.397178140380036,88674.81,1,0.9025839793281654,3850,0,1,0.9025839793281654
2025-12-31 09:50:00+00:00,60,88674.81,88657.31,-1.9736977211811717,88699.66,1,0.3924328065520821,8649,0,0,0.6075671934479179
2025-12-31 09:50:00+00:00,120,88674.81,88672.22,-0.2920827036326538,88699.66,1,0.43843880817532627,8102,0,0,0.5615611918246737
2025-12-31 09:50:00+00:00,180,88674.81,88690.0,1.712853867364632,88699.66,1,0.671796587487454,5958,0,1,0.671796587487454
2025-12-31 09:50:00+00:00,240,88674.81,88690.0,1.712853867364632,88699.66,1,0.7472212262459663,5558,0,1,0.7472212262459663
2025-12-31 09:55:00+00:00,60,88699.66,88699.65,-0.0011274001024321131,88660.1,0,0.44918122770103375,10911,0,0,0.5508187722989663
2025-12-31 09:55:00+00:00,120,88699.66,88699.66,0.0,88660.1,0,0.5704639512088869,9162,0,1,0.5704639512088869
2025-12-31 09:55:00+00:00,180,88699.66,88699.66,0.0,88660.1,0,0.6031160311603116,7297,0,1,0.6031160311603116
2025-12-31 09:55:00+00:00,240,88699.66,88699.64,-0.0022548003297468934,88660.1,0,0.3684836135167261,5869,0,0,0.6315163864832739
2025-12-31 10:00:00+00:00,60,88660.1,88680.01,2.245402924769308,88699.33,1,0.6463788300835654,7160,0,1,0.6463788300835654
2025-12-31 10:00:00+00:00,120,88660.1,88704.02,4.952523757081873,88699.33,1,0.7526728439059159,4189,0,1,0.7526728439059159
2025-12-31 10:00:00+00:00,180,88660.1,88725.74,7.400816547254241,88699.33,1,0.8873563218390804,2590,0,1,0.8873563218390804
2025-12-31 10:00:00+00:00,240,88660.1,88709.91,5.61650769590476,88699.33,1,0.9181614349775785,3548,0,1,0.9181614349775785
2025-12-31 10:05:00+00:00,60,88699.33,88694.9,-0.4994525471240777,88733.98,1,0.44918122770103375,10911,0,0,0.5508187722989663
2025-12-31 10:05:00+00:00,120,88699.33,88721.25,2.4709647676193036,88733.98,1,0.6929419525065963,6044,0,1,0.6929419525065963
2025-12-31 10:05:00+00:00,180,88699.33,88695.73,-0.40587376001358616,88733.98,1,0.42031342400946187,6744,0,0,0.5796865759905381
2025-12-31 10:05:00+00:00,240,88699.33,88695.73,-0.40587376001358616,88733.98,1,0.3684836135167261,5869,0,0,0.6315163864832739
2025-12-31 10:10:00+00:00,60,88733.98,88812.34,8.826992875763004,88796.95,1,0.7643356643356644,1410,0,1,0.7643356643356644
2025-12-31 10:10:00+00:00,120,88733.98,88796.41,7.033162330509904,88796.95,1,0.8162830349531117,2326,0,1,0.8162830349531117
2025-12-31 10:10:00+00:00,180,88733.98,88800.0,7.4374497820972465,88796.95,1,0.8873563218390804,2590,0,1,0.8873563218390804
2025-12-31 10:10:00+00:00,240,88733.98,88809.18,8.471180134115823,88796.95,1,0.9523396880415944,2288,0,1,0.9523396880415944
2025-12-31 10:15:00+00:00,60,88796.94,88819.1,2.495270147334727,88827.63,1,0.6463788300835654,7160,0,1,0.6463788300835654
2025-12-31 10:15:00+00:00,120,88796.94,88819.09,2.4941442633102247,88827.63,1,0.6929419525065963,6044,0,1,0.6929419525065963
2025-12-31 10:15:00+00:00,180,88796.94,88819.09,2.4941442633102247,88827.63,1,0.7370153621068032,5448,0,1,0.7370153621068032
2025-12-31 10:15:00+00:00,240,88796.94,88824.0,3.046938070403872,88827.63,1,0.8613728129205922,4438,0,1,0.8613728129205922
2025-12-31 10:20:00+00:00,60,88827.63,88743.34,-9.493669638778087,88803.99,0,0.23896103896103896,1135,0,0,0.7610389610389611
2025-12-31 10:20:00+00:00,120,88827.63,88713.0,-12.913102305498104,88803.99,0,0.13274336283185842,884,0,0,0.8672566371681416
2025-12-31 10:20:00+00:00,180,88827.63,88775.08,-5.917702667211892,88803.99,0,0.157574079202437,3591,0,0,0.8424259207975631
2025-12-31 10:20:00+00:00,240,88827.63,88784.9,-4.81159756289665,88803.99,0,0.0959980358458139,4053,0,0,0.9040019641541861
2025-12-31 10:25:00+00:00,60,88804.0,88791.58,-1.3986834605056984,88761.57,0,0.3924328065520821,8649,0,0,0.6075671934479179
2025-12-31 10:25:00+00:00,120,88804.0,88750.3,-6.048853971696198,88761.57,0,0.20150720838794234,3032,0,0,0.7984927916120577
2025-12-31 10:25:00+00:00,180,88804.0,88764.7,-4.426455860936396,88761.57,0,0.1799183281287533,4143,0,0,0.8200816718712467
2025-12-31 10:25:00+00:00,240,88804.0,88761.42,-4.795978948622541,88761.57,0,0.0959980358458139,4053,0,0,0.9040019641541861
2025-12-31 10:30:00+00:00,60,88761.56,88775.97,1.6233187463677978,88700.39,0,0.6043804034582133,8655,0,1,0.6043804034582133
2025-12-31 10:30:00+00:00,120,88761.56,88715.26,-5.217582899035568,88700.39,0,0.20780679584386408,3541,0,0,0.7921932041561359
2025-12-31 10:30:00+00:00,180,88761.56,88688.45,-8.240067626565322,88700.39,0,0.0943566591422122,2195,0,0,0.9056433408577877
2025-12-31 10:30:00+00:00,240,88761.56,88700.38,-6.8949998432109085,88700.39,0,0.061395049823207974,3091,0,0,0.938604950176792
2025-12-31 10:35:00+00:00,60,88700.38,88700.39,0.0011273908215412225,88669.01,0,0.5441675695196821,13825,0,1,0.5441675695196821
2025-12-31 10:35:00+00:00,120,88700.38,88678.66,-2.4489928582945395,88669.01,0,0.3182711198428291,6088,0,0,0.6817288801571709
2025-12-31 10:35:00+00:00,180,88700.38,88669.01,-3.537250742881269,88669.01,0,0.21654256389615617,4949,0,0,0.7834574361038438
2025-12-31 10:35:00+00:00,240,88700.38,88669.0,-3.5383785326880304,88669.01,0,0.13416502516962137,4549,0,0,0.8658349748303786
2025-12-31 10:40:00+00:00,60,88669.0,88669.01,0.001127789806785485,88752.86,1,0.5441675695196821,13825,0,1,0.5441675695196821
2025-12-31 10:40:00+00:00,120,88669.0,88669.01,0.001127789806785485,88752.86,1,0.5704639512088869,9162,0,1,0.5704639512088869
2025-12-31 10:40:00+00:00,180,88669.0,88699.99,3.4944101914724275,88752.86,1,0.7870081199250468,4783,0,1,0.7870081199250468
2025-12-31 10:40:00+00:00,240,88669.0,88699.99,3.4944101914724275,88752.86,1,0.8613728129205922,4438,0,1,0.8613728129205922
2025-12-31 10:45:00+00:00,60,88752.86,88737.74,-1.7037522028290628,88764.74,1,0.3924328065520821,8649,0,0,0.6075671934479179
2025-12-31 10:45:00+00:00,120,88752.86,88766.99,1.5919346517972903,88764.74,1,0.6351039260969977,6908,0,1,0.6351039260969977
2025-12-31 10:45:00+00:00,180,88752.86,88775.97,2.603520806231483,88764.74,1,0.7370153621068032,5448,0,1,0.7370153621068032
2025-12-31 10:45:00+00:00,240,88752.86,88761.5,0.9734423746709584,88764.74,1,0.6464007782101168,6148,0,1,0.6464007782101168
2025-12-31 10:50:00+00:00,60,88764.74,88753.77,-1.2359274549980221,88763.42,0,0.3924328065520821,8649,0,0,0.6075671934479179
2025-12-31 10:50:00+00:00,120,88764.74,88753.78,-1.2348007423598406,88763.42,0,0.36449130806497576,6998,0,0,0.6355086919350242
2025-12-31 10:50:00+00:00,180,88764.74,88757.11,-0.8596124933014202,88763.42,0,0.42031342400946187,6744,0,0,0.5796865759905381
2025-12-31 10:50:00+00:00,240,88764.74,88766.0,0.14194724812284287,88763.42,0,0.6464007782101168,6148,0,1,0.6464007782101168
2025-12-31 10:55:00+00:00,60,88763.41,88730.01,-3.7635198413825273,88847.26,1,0.321805067505086,5387,0,0,0.678194932494914
2025-12-31 10:55:00+00:00,120,88763.41,88730.0,-3.7646468558569146,88847.26,1,0.28777798897547996,5241,0,0,0.7122220110245201
2025-12-31 10:55:00+00:00,180,88763.41,88808.88,5.121294656256925,88847.26,1,0.8439241917502787,3568,0,1,0.8439241917502787
2025-12-31 10:55:00+00:00,240,88763.41,88819.8,6.350825834865787,88847.26,1,0.9323004378578647,2949,0,1,0.9323004378578647
2025-12-31 11:00:00+00:00,60,88847.27,88844.01,-0.3669285291183477,88859.99,1,0.44918122770103375,10911,0,0,0.5508187722989663
2025-12-31 11:00:00+00:00,120,88847.27,88829.68,-1.979997974692953,88859.99,1,0.36449130806497576,6998,0,0,0.6355086919350242
2025-12-31 11:00:00+00:00,180,88847.27,88850.04,0.31176611510948526,88859.99,1,0.6031160311603116,7297,0,1,0.6031160311603116
2025-12-31 11:00:00+00:00,240,88847.27,88827.56,-2.218659793383078,88859.99,1,0.18210547106458622,5043,0,0,0.8178945289354138
2025-12-31 11:05:00+00:00,60,88860.0,88880.55,2.3123592327773603,88918.1,1,0.6463788300835654,7160,0,1,0.6463788300835654
2025-12-31 11:05:00+00:00,120,88860.0,88907.72,5.368803869030525,88918.1,1,0.7888670227719988,3537,0,1,0.7888670227719988
2025-12-31 11:05:00+00:00,180,88860.0,88893.11,3.7253919644978097,88918.1,1,0.7870081199250468,4783,0,1,0.7870081199250468
2025-12-31 11:05:00+00:00,240,88860.0,88877.1,1.9241902847262444,88918.1,1,0.7472212262459663,5558,0,1,0.7472212262459663
2025-12-31 11:10:00+00:00,60,88918.09,88921.0,0.3272621334565559,88864.52,0,0.5441675695196821,13825,0,1,0.5441675695196821
2025-12-31 11:10:00+00:00,120,88918.09,88926.64,0.9615128889773891,88864.52,0,0.5704639512088869,9162,0,1,0.5704639512088869
2025-12-31 11:10:00+00:00,180,88918.09,88926.65,0.9626374113289307,88864.52,0,0.6031160311603116,7297,0,1,0.6031160311603116
2025-12-31 11:10:00+00:00,240,88918.09,88915.85,-0.25192041520379327,88864.52,0,0.3684836135167261,5869,0,0,0.6315163864832739
2025-12-31 11:15:00+00:00,60,88864.52,88845.49,-2.141691407561886,88828.82,0,0.36146292870357194,7007,0,0,0.638537071296428
2025-12-31 11:15:00+00:00,120,88864.52,88819.78,-5.035898044511602,88828.82,0,0.20780679584386408,3541,0,0,0.7921932041561359
2025-12-31 11:15:00+00:00,180,88864.52,88826.59,-4.269206329579933,88828.82,0,0.1799183281287533,4143,0,0,0.8200816718712467
2025-12-31 11:15:00+00:00,240,88864.52,88818.46,-5.184514693720995,88828.82,0,0.07445008460236886,3526,0,0,0.9255499153976311
2025-12-31 11:20:00+00:00,60,88828.83,88817.24,-1.304841701979745,88853.58,1,0.3924328065520821,8649,0,0,0.6075671934479179
2025-12-31 11:20:00+00:00,120,88828.83,88809.28,-2.201104265175176,88853.58,1,0.3182711198428291,6088,0,0,0.6817288801571709
2025-12-31 11:20:00+00:00,180,88828.83,88869.99,4.632557575352565,88853.58,1,0.8201160541586073,4116,0,1,0.8201160541586073
2025-12-31 11:20:00+00:00,240,88828.83,88869.99,4.632557575352565,88853.58,1,0.9025839793281654,3850,0,1,0.9025839793281654
2025-12-31 11:25:00+00:00,60,88853.58,88897.5,4.941742226691505,88936.34,1,0.7120669056152927,4165,0,1,0.7120669056152927
2025-12-31 11:25:00+00:00,120,88853.58,88924.32,7.958244948728915,88936.34,1,0.8162830349531117,2326,0,1,0.8162830349531117
2025-12-31 11:25:00+00:00,180,88853.58,88927.26,8.28885769900675,88936.34,1,0.8855172413793103,2155,0,1,0.8855172413793103
2025-12-31 11:25:00+00:00,240,88853.58,88909.2,6.257778125999552,88936.34,1,0.9323004378578647,2949,0,1,0.9323004378578647
2025-12-31 11:30:00+00:00,60,88936.34,88924.33,-1.3504953082931175,88926.86,0,0.3924328065520821,8649,0,0,0.6075671934479179
2025-12-31 11:30:00+00:00,120,88936.34,88941.88,0.6228980705794301,88926.86,0,0.5704639512088869,9162,0,1,0.5704639512088869
2025-12-31 11:30:00+00:00,180,88936.34,88937.69,0.15179281652699173,88926.86,0,0.6031160311603116,7297,0,1,0.6031160311603116
2025-12-31 11:30:00+00:00,240,88936.34,88951.62,1.717935270895962,88926.86,0,0.7472212262459663,5558,0,1,0.7472212262459663
2025-12-31 11:35:00+00:00,60,88926.85,88934.49,0.8590961931011155,88936.47,1,0.5441675695196821,13825,0,1,0.5441675695196821
2025-12-31 11:35:00+00:00,120,88926.85,88935.75,1.0007725072523495,88936.47,1,0.6351039260969977,6908,0,1,0.6351039260969977
2025-12-31 11:35:00+00:00,180,88926.85,88934.94,0.9096951071472776,88936.47,1,0.6031160311603116,7297,0,1,0.6031160311603116
2025-12-31 11:35:00+00:00,240,88926.85,88947.77,2.3522186691329785,88936.47,1,0.8199286846275753,5028,0,1,0.8199286846275753
2025-12-31 11:40:00+00:00,60,88936.47,88959.57,2.597022410374371,89024.5,1,0.6463788300835654,7160,0,1,0.6463788300835654
2025-12-31 11:40:00+00:00,120,88936.47,88987.79,5.7687469289679845,89024.5,1,0.7888670227719988,3537,0,1,0.7888670227719988
2025-12-31 11:40:00+00:00,180,88936.47,88999.99,7.139627561237227,89024.5,1,0.8873563218390804,2590,0,1,0.8873563218390804
2025-12-31 11:40:00+00:00,240,88936.47,88988.84,5.886739948615951,89024.5,1,0.9181614349775785,3548,0,1,0.9181614349775785
2025-12-31 11:45:00+00:00,60,89024.51,89002.85,-2.4333338546235743,88978.28,0,0.36146292870357194,7007,0,0,0.638537071296428
2025-12-31 11:45:00+00:00,120,89024.51,88966.5,-6.518306969992438,88978.28,0,0.20150720838794234,3032,0,0,0.7984927916120577
2025-12-31 11:45:00+00:00,180,89024.51,89015.98,-0.9582090013935972,88978.28,0,0.42031342400946187,6744,0,0,0.5796865759905381
2025-12-31 11:45:00+00:00,240,89024.51,88985.62,-4.36941432700896,88978.28,0,0.0959980358458139,4053,0,0,0.9040019641541861
2025-12-31 11:50:00+00:00,60,88978.27,88978.27,0.0,88955.65,0,0.5441675695196821,13825,0,1,0.5441675695196821
2025-12-31 11:50:00+00:00,120,88978.27,88982.92,0.5225858515617999,88955.65,0,0.5704639512088869,9162,0,1,0.5704639512088869
2025-12-31 11:50:00+00:00,180,88978.27,88951.87,-2.967456800038178,88955.65,0,0.2623252391464312,5416,0,0,0.7376747608535688
2025-12-31 11:50:00+00:00,240,88978.27,88973.56,-0.5293567367193968,88955.65,0,0.3684836135167261,5869,0,0,0.6315163864832739
2025-12-31 11:55:00+00:00,60,88955.65,88967.99,1.387111911581708,89011.52,1,0.6043804034582133,8655,0,1,0.6043804034582133
2025-12-31 11:55:00+00:00,120,88955.65,88996.5,4.591121907496168,89011.52,1,0.7526728439059159,4189,0,1,0.7526728439059159
2025-12-31 11:55:00+00:00,180,88955.65,88962.77,0.8003668202332714,89011.52,1,0.6031160311603116,7297,0,1,0.6031160311603116
2025-12-31 11:55:00+00:00,240,88955.65,88975.89,2.275032305942947,89011.52,1,0.8199286846275753,5028,0,1,0.8199286846275753
2025-12-31 12:00:00+00:00,60,89011.51,88999.99,-1.294298403875022,88952.07,0,0.3924328065520821,8649,0,0,0.6075671934479179
2025-12-31 12:00:00+00:00,120,89011.51,89025.19,1.5367618055065377,88952.07,0,0.6351039260969977,6908,0,1,0.6351039260969977
2025-12-31 12:00:00+00:00,180,89011.51,88980.01,-3.5394945027562037,88952.07,0,0.21654256389615617,4949,0,0,0.7834574361038438
2025-12-31 12:00:00+00:00,240,89011.51,88952.0,-6.68788812022438,88952.07,0,0.061395049823207974,3091,0,0,0.938604950176792
2025-12-31 12:05:00+00:00,60,88952.06,88918.45,-3.7791537675379026,88987.2,1,0.321805067505086,5387,0,0,0.678194932494914
2025-12-31 12:05:00+00:00,120,88952.06,88944.04,-0.9016498962529604,88987.2,1,0.43843880817532627,8102,0,0,0.5615611918246737
2025-12-31 12:05:00+00:00,180,88952.06,88957.6,0.622787992714428,88987.2,1,0.6031160311603116,7297,0,1,0.6031160311603116
2025-12-31 12:05:00+00:00,240,88952.06,88966.49,1.6220905612879304,88987.2,1,0.7472212262459663,5558,0,1,0.7472212262459663
2025-12-31 12:10:00+00:00,60,88987.19,88976.53,-1.1979969864370623,88942.07,0,0.3924328065520821,8649,0,0,0.6075671934479179
2025-12-31 12:10:00+00:00,120,88987.19,88982.71,-0.5034559215846913,88942.07,0,0.43843880817532627,8102,0,0,0.5615611918246737
2025-12-31 12:10:00+00:00,180,88987.19,88978.28,-1.001317840752997,88942.07,0,0.32701421800947866,6099,0,0,0.6729857819905214
2025-12-31 12:10:00+00:00,240,88987.19,88978.28,-1.001317840752997,88942.07,0,0.26818098552848507,5439,0,0,0.7318190144715149
2025-12-31 12:15:00+00:00,60,88942.06,88955.65,1.5278442905691814,88990.0,1,0.6043804034582133,8655,0,1,0.6043804034582133
2025-12-31 12:15:00+00:00,120,88942.06,88955.65,1.5278442905691814,88990.0,1,0.6351039260969977,6908,0,1,0.6351039260969977
2025-12-31 12:15:00+00:00,180,88942.06,88990.18,5.408800695492718,88990.0,1,0.8439241917502787,3568,0,1,0.8439241917502787
2025-12-31 12:15:00+00:00,240,88942.06,88999.98,6.509985166579375,88990.0,1,0.9323004378578647,2949,0,1,0.9323004378578647
2025-12-31 12:20:00+00:00,60,88990.0,88990.0,0.0,88949.33,0,0.5441675695196821,13825,0,1,0.5441675695196821
2025-12-31 12:20:00+00:00,120,88990.0,88989.99,-0.0011237218287765537,88949.33,0,0.43843880817532627,8102,0,0,0.5615611918246737
2025-12-31 12:20:00+00:00,180,88990.0,88960.0,-3.3717336649860266,88949.33,0,0.21654256389615617,4949,0,0,0.7834574361038438
2025-12-31 12:20:00+00:00,240,88990.0,88935.29,-6.14977238191015,88949.33,0,0.061395049823207974,3091,0,0,0.938604950176792
2025-12-31 12:25:00+00:00,60,88949.33,88958.01,0.9757888580525345,88936.54,0,0.5441675695196821,13825,0,1,0.5441675695196821
2025-12-31 12:25:00+00:00,120,88949.33,88958.01,0.9757888580525345,88936.54,0,0.5704639512088869,9162,0,1,0.5704639512088869
2025-12-31 12:25:00+00:00,180,88949.33,88910.87,-4.324745007533775,88936.54,0,0.1799183281287533,4143,0,0,0.8200816718712467
2025-12-31 12:25:00+00:00,240,88949.33,88916.0,-3.7477793328390128,88936.54,0,0.13416502516962137,4549,0,0,0.8658349748303786
2025-12-31 12:30:00+00:00,60,88936.54,88958.0,2.412665403232517,88957.84,1,0.6463788300835654,7160,0,1,0.6463788300835654
2025-12-31 12:30:00+00:00,120,88936.54,88985.89,5.547361427736508,88957.84,1,0.7888670227719988,3537,0,1,0.7888670227719988
2025-12-31 12:30:00+00:00,180,88936.54,88975.53,4.383064130973344,88957.84,1,0.8201160541586073,4116,0,1,0.8201160541586073
2025-12-31 12:30:00+00:00,240,88936.54,88939.16,0.2945877374135529,88957.84,1,0.6464007782101168,6148,0,1,0.6464007782101168
2025-12-31 12:35:00+00:00,60,88957.83,88936.0,-2.4542728783316936,88844.82,0,0.36146292870357194,7007,0,0,0.638537071296428
2025-12-31 12:35:00+00:00,120,88957.83,88913.6,-4.973255222789407,88844.82,0,0.23990825688073394,4340,0,0,0.7600917431192661
2025-12-31 12:35:00+00:00,180,88957.83,88859.69,-11.038283512759165,88844.82,0,0.08652373660030628,1286,0,0,0.9134762633996937
2025-12-31 12:35:00+00:00,240,88957.83,88860.0,-11.003397113846809,88844.82,0,0.025049439683586024,1497,0,0,0.974950560316414
2025-12-31 12:40:00+00:00,60,88844.83,88859.99,1.7062002073744513,88821.98,0,0.6043804034582133,8655,0,1,0.6043804034582133
2025-12-31 12:40:00+00:00,120,88844.83,88860.0,1.7073255731827957,88821.98,0,0.6351039260969977,6908,0,1,0.6351039260969977
2025-12-31 12:40:00+00:00,180,88844.83,88874.0,3.282713515719708,88821.98,0,0.7870081199250468,4783,0,1,0.7870081199250468
2025-12-31 12:40:00+00:00,240,88844.83,88819.85,-2.8120389674078368,88821.98,0,0.18210547106458622,5043,0,0,0.8178945289354138
2025-12-31 12:45:00+00:00,60,88821.98,88812.98,-1.013314046705371,88827.45,1,0.3924328065520821,8649,0,0,0.6075671934479179
2025-12-31 12:45:00+00:00,120,88821.98,88849.99,3.1530015941242486,88827.45,1,0.7333333333333333,5230,0,1,0.7333333333333333
2025-12-31 12:45:00+00:00,180,88821.98,88837.84,1.78543466295671,88827.45,1,0.671796587487454,5958,0,1,0.671796587487454
2025-12-31 12:45:00+00:00,240,88821.98,88837.83,1.7843090164350761,88827.45,1,0.7472212262459663,5558,0,1,0.7472212262459663
2025-12-31 12:50:00+00:00,60,88827.45,88797.67,-3.353129363575034,88730.91,0,0.321805067505086,5387,0,0,0.678194932494914
2025-12-31 12:50:00+00:00,120,88827.45,88800.32,-3.0547025626628956,88730.91,0,0.28777798897547996,5241,0,0,0.7122220110245201
2025-12-31 12:50:00+00:00,180,88827.45,88787.88,-4.455696549914924,88730.91,0,0.1799183281287533,4143,0,0,0.8200816718712467
2025-12-31 12:50:00+00:00,240,88827.45,88782.0,-5.11797103049232,88730.91,0,0.07445008460236886,3526,0,0,0.9255499153976311
2025-12-31 12:55:00+00:00,60,88730.9,88760.92,3.3826911331746055,88775.96,1,0.6758432087511395,5465,0,1,0.6758432087511395
2025-12-31 12:55:00+00:00,120,88730.9,88765.12,3.8558611538421705,88775.96,1,0.7333333333333333,5230,0,1,0.7333333333333333
2025-12-31 12:55:00+00:00,180,88730.9,88774.03,4.859583432279353,88775.96,1,0.8201160541586073,4116,0,1,0.8201160541586073
2025-12-31 12:55:00+00:00,240,88730.9,88775.97,5.078113423840022,88775.96,1,0.9181614349775785,3548,0,1,0.9181614349775785
2025-12-31 13:00:00+00:00,60,88775.96,88775.97,0.0011264310094196896,88800.0,1,0.5441675695196821,13825,0,1,0.5441675695196821
2025-12-31 13:00:00+00:00,120,88775.96,88775.96,0.0,88800.0,1,0.5704639512088869,9162,0,1,0.5704639512088869
2025-12-31 13:00:00+00:00,180,88775.96,88764.35,-1.3078720000602797,88800.0,1,0.32701421800947866,6099,0,0,0.6729857819905214
2025-12-31 13:00:00+00:00,240,88775.96,88799.99,2.706447595710139,88800.0,1,0.8199286846275753,5028,0,1,0.8199286846275753
2025-12-31 13:05:00+00:00,60,88800.0,88799.99,-0.0011261261890914206,88795.84,0,0.44918122770103375,10911,0,0,0.5508187722989663
2025-12-31 13:05:00+00:00,120,88800.0,88819.79,2.2283553067908906,88795.84,0,0.6929419525065963,6044,0,1,0.6929419525065963
2025-12-31 13:05:00+00:00,180,88800.0,88836.89,4.153416616369535,88795.84,0,0.8201160541586073,4116,0,1,0.8201160541586073
2025-12-31 13:05:00+00:00,240,88800.0,88754.01,-5.180395647331178,88795.84,0,0.07445008460236886,3526,0,0,0.9255499153976311
2025-12-31 13:10:00+00:00,60,88795.83,88799.65,0.4301911288046311,88816.22,1,0.5441675695196821,13825,0,1,0.5441675695196821
2025-12-31 13:10:00+00:00,120,88795.83,88790.97,-0.5473379779589929,88816.22,1,0.43843880817532627,8102,0,0,0.5615611918246737
2025-12-31 13:10:00+00:00,180,88795.83,88808.0,1.3704659431111743,88816.22,1,0.671796587487454,5958,0,1,0.671796587487454
2025-12-31 13:10:00+00:00,240,88795.83,88816.22,2.2960153986812406,88816.22,1,0.8199286846275753,5028,0,1,0.8199286846275753
2025-12-31 13:15:00+00:00,60,88816.22,88824.42,0.9232121665199727,88867.05,1,0.5441675695196821,13825,0,1,0.5441675695196821
2025-12-31 13:15:00+00:00,120,88816.22,88818.3,0.23418871513201425,88867.05,1,0.5704639512088869,9162,0,1,0.5704639512088869
2025-12-31 13:15:00+00:00,180,88816.22,88814.16,-0.23194230627607074,88867.05,1,0.42031342400946187,6744,0,0,0.5796865759905381
2025-12-31 13:15:00+00:00,240,88816.22,88835.2,2.1367687432178935,88867.05,1,0.8199286846275753,5028,0,1,0.8199286846275753
2025-12-31 13:20:00+00:00,60,88867.05,88885.99,2.1310465431914176,88860.97,0,0.6463788300835654,7160,0,1,0.6463788300835654
2025-12-31 13:20:00+00:00,120,88867.05,88890.19,2.60355078990896,88860.97,0,0.6929419525065963,6044,0,1,0.6929419525065963
2025-12-31 13:20:00+00:00,180,88867.05,88890.18,2.6024258063136476,88860.97,0,0.7370153621068032,5448,0,1,0.7370153621068032
2025-12-31 13:20:00+00:00,240,88867.05,88871.12,0.4579770345008404,88860.97,0,0.6464007782101168,6148,0,1,0.6464007782101168
2025-12-31 13:25:00+00:00,60,88860.96,88855.64,-0.5987060298924535,88844.12,0,0.44918122770103375,10911,0,0,0.5508187722989663
2025-12-31 13:25:00+00:00,120,88860.96,88855.64,-0.5987060298924535,88844.12,0,0.43843880817532627,8102,0,0,0.5615611918246737
2025-12-31 13:25:00+00:00,180,88860.96,88868.23,0.8180985919142435,88844.12,0,0.6031160311603116,7297,0,1,0.6031160311603116
2025-12-31 13:25:00+00:00,240,88860.96,88844.12,-1.895275031014574,88844.12,0,0.26818098552848507,5439,0,0,0.7318190144715149
2025-12-31 13:30:00+00:00,60,88844.13,88778.38,-7.403341277308452,88761.15,0,0.2452431289640592,1872,0,0,0.7547568710359408
2025-12-31 13:30:00+00:00,120,88844.13,88805.07,-4.3974305124293736,88761.15,0,0.23990825688073394,4340,0,0,0.7600917431192661
2025-12-31 13:30:00+00:00,180,88844.13,88809.7,-3.876077473935371,88761.15,0,0.21654256389615617,4949,0,0,0.7834574361038438
2025-12-31 13:30:00+00:00,240,88844.13,88803.81,-4.539315310084807,88761.15,0,0.0959980358458139,4053,0,0,0.9040019641541861
2025-12-31 13:35:00+00:00,60,88761.14,88768.51,0.8302838432041884,88750.27,0,0.5441675695196821,13825,0,1,0.5441675695196821
2025-12-31 13:35:00+00:00,120,88761.14,88770.73,1.0803694017670957,88750.27,0,0.6351039260969977,6908,0,1,0.6351039260969977
2025-12-31 13:35:00+00:00,180,88761.14,88743.6,-1.976285259434167,88750.27,0,0.32701421800947866,6099,0,0,0.6729857819905214
2025-12-31 13:35:00+00:00,240,88761.14,88744.78,-1.8433188083336949,88750.27,0,0.26818098552848507,5439,0,0,0.7318190144715149
2025-12-31 13:40:00+00:00,60,88750.27,88748.0,-0.25577714082779074,88793.85,1,0.44918122770103375,10911,0,0,0.5508187722989663
2025-12-31 13:40:00+00:00,120,88750.27,88773.96,2.6689314625527496,88793.85,1,0.6929419525065963,6044,0,1,0.6929419525065963
2025-12-31 13:40:00+00:00,180,88750.27,88791.23,4.614132552298877,88793.85,1,0.8201160541586073,4116,0,1,0.8201160541586073
2025-12-31 13:40:00+00:00,240,88750.27,88793.85,4.909202385889655,88793.85,1,0.9025839793281654,3850,0,1,0.9025839793281654
2025-12-31 13:45:00+00:00,60,88793.85,88780.24,-1.532881292157751,88843.99,1,0.3924328065520821,8649,0,0,0.6075671934479179
2025-12-31 13:45:00+00:00,120,88793.85,88826.64,3.6921416411459944,88843.99,1,0.7333333333333333,5230,0,1,0.7333333333333333
2025-12-31 13:45:00+00:00,180,88793.85,88804.24,1.1700576297696448,88843.99,1,0.671796587487454,5958,0,1,0.671796587487454
2025-12-31 13:45:00+00:00,240,88793.85,88808.72,1.674525321873848,88843.99,1,0.7472212262459663,5558,0,1,0.7472212262459663
2025-12-31 13:50:00+00:00,60,88844.0,88896.19,5.87261682345831,88998.06,1,0.7065553494124923,3214,0,1,0.7065553494124923
2025-12-31 13:50:00+00:00,120,88844.0,88957.84,12.805268556922499,88998.06,1,0.8577633007600435,901,0,1,0.8577633007600435
2025-12-31 13:50:00+00:00,180,88844.0,89044.6,22.55345030886472,88998.06,1,0.9230769230769231,266,0,1,0.9230769230769231
2025-12-31 13:50:00+00:00,240,88844.0,89025.19,20.37340617258964,88998.06,1,0.9712389380530974,432,0,1,0.9712389380530974
2025-12-31 13:55:00+00:00,60,88998.05,88978.27,-2.222767622280766,88991.88,0,0.36146292870357194,7007,0,0,0.638537071296428
2025-12-31 13:55:00+00:00,120,88998.05,88942.08,-6.290880179288437,88991.88,0,0.20150720838794234,3032,0,0,0.7984927916120577
2025-12-31 13:55:00+00:00,180,88998.05,88974.93,-2.5981472165118107,88991.88,0,0.2623252391464312,5416,0,0,0.7376747608535688
2025-12-31 13:55:00+00:00,240,88998.05,88974.0,-2.7026715876337746,88991.88,0,0.18210547106458622,5043,0,0,0.8178945289354138
2025-12-31 14:00:00+00:00,60,88991.88,88990.98,-0.10113333385233242,89042.7,1,0.44918122770103375,10911,0,0,0.5508187722989663
2025-12-31 14:00:00+00:00,120,88991.88,89012.49,2.3156734963415393,89042.7,1,0.6929419525065963,6044,0,1,0.6929419525065963
2025-12-31 14:00:00+00:00,180,88991.88,89007.9,1.8000022295807303,89042.7,1,0.671796587487454,5958,0,1,0.671796587487454
2025-12-31 14:00:00+00:00,240,88991.88,89039.94,5.399034977840476,89042.7,1,0.9181614349775785,3548,0,1,0.9181614349775785
2025-12-31 14:05:00+00:00,60,89042.69,88990.73,-5.837106479818571,89112.85,1,0.2723297938788257,3182,0,0,0.7276702061211743
2025-12-31 14:05:00+00:00,120,89042.69,88978.29,-7.235102605241999,89112.85,1,0.18138041733547353,2472,0,0,0.8186195826645265
2025-12-31 14:05:00+00:00,180,89042.69,88978.02,-7.265447131939092,89112.85,1,0.10833653476757588,2583,0,0,0.8916634652324241
2025-12-31 14:05:00+00:00,240,89042.69,89139.83,10.90342752181409,89112.85,1,0.9667240390131956,1723,0,1,0.9667240390131956
2025-12-31 14:10:00+00:00,60,89112.84,89050.58,-6.989089290535801,89135.14,1,0.26867572156196945,2336,0,0,0.7313242784380305
2025-12-31 14:10:00+00:00,120,89112.84,89079.45,-3.7476369365700344,89135.14,1,0.28777798897547996,5241,0,0,0.7122220110245201
2025-12-31 14:10:00+00:00,180,89112.84,89112.85,0.0011221726806536771,89135.14,1,0.6031160311603116,7297,0,1,0.6031160311603116
2025-12-31 14:10:00+00:00,240,89112.84,89101.85,-1.2333438970630404,89135.14,1,0.26818098552848507,5439,0,0,0.7318190144715149
2025-12-31 14:15:00+00:00,60,89135.14,89061.56,-8.258290325438953,89039.96,0,0.2558139534883721,1399,0,0,0.7441860465116279
2025-12-31 14:15:00+00:00,120,89135.14,89077.69,-6.447347476618876,89039.96,0,0.20150720838794234,3032,0,0,0.7984927916120577
2025-12-31 14:15:00+00:00,180,89135.14,89053.25,-9.191396337907127,89039.96,0,0.09566596194503171,1872,0,0,0.9043340380549683
2025-12-31 14:15:00+00:00,240,89135.14,89087.38,-5.359592170872524,89039.96,0,0.07445008460236886,3526,0,0,0.9255499153976311
2025-12-31 14:20:00+00:00,60,89039.96,89012.33,-3.1035826859384725,88996.29,0,0.321805067505086,5387,0,0,0.678194932494914
2025-12-31 14:20:00+00:00,120,89039.96,89021.59,-2.063331478939328,88996.29,0,0.3182711198428291,6088,0,0,0.6817288801571709
2025-12-31 14:20:00+00:00,180,89039.96,88980.82,-6.644168414002739,88996.29,0,0.14115755627009646,3090,0,0,0.8588424437299036
2025-12-31 14:20:00+00:00,240,89039.96,88980.82,-6.644168414002739,88996.29,0,0.061395049823207974,3091,0,0,0.938604950176792
2025-12-31 14:25:00+00:00,60,88996.28,88993.99,-0.25731743652241884,88950.01,0,0.44918122770103375,10911,0,0,0.5508187722989663
2025-12-31 14:25:00+00:00,120,88996.28,88982.53,-1.5451277629462121,88950.01,0,0.36449130806497576,6998,0,0,0.6355086919350242
2025-12-31 14:25:00+00:00,180,88996.28,88972.53,-2.6690070176886973,88950.01,0,0.2623252391464312,5416,0,0,0.7376747608535688
2025-12-31 14:25:00+00:00,240,88996.28,88944.95,-5.769320738512697,88950.01,0,0.07445008460236886,3526,0,0,0.9255499153976311
2025-12-31 14:30:00+00:00,60,88950.0,88918.99,-3.486836048731811,88781.72,0,0.321805067505086,5387,0,0,0.678194932494914
2025-12-31 14:30:00+00:00,120,88950.0,88799.99,-16.87876726338671,88781.72,0,0.13745019920318724,482,0,0,0.8625498007968128
2025-12-31 14:30:00+00:00,180,88950.0,88877.12,-8.196725457899852,88781.72,0,0.0943566591422122,2195,0,0,0.9056433408577877
2025-12-31 14:30:00+00:00,240,88950.0,88835.99,-12.825534298661985,88781.72,0,0.03255813953488372,1270,0,0,0.9674418604651163
2025-12-31 14:35:00+00:00,60,88781.72,88742.13,-4.46024583810281,88637.89,0,0.2972459639126306,4192,0,0,0.7027540360873694
2025-12-31 14:35:00+00:00,120,88781.72,88668.08,-12.80813114868175,88637.89,0,0.13274336283185842,884,0,0,0.8672566371681416
2025-12-31 14:35:00+00:00,180,88781.72,88605.55,-19.862762183575814,88637.89,0,0.07654320987654321,385,0,0,0.9234567901234568
2025-12-31 14:35:00+00:00,240,88781.72,88676.34,-11.876610438193975,88637.89,0,0.025049439683586024,1497,0,0,0.974950560316414
2025-12-31 14:40:00+00:00,60,88637.88,88652.0,1.5928715197798884,88649.25,1,0.6043804034582133,8655,0,1,0.6043804034582133
2025-12-31 14:40:00+00:00,120,88637.88,88627.23,-1.2015900943870794,88649.25,1,0.36449130806497576,6998,0,0,0.6355086919350242
2025-12-31 14:40:00+00:00,180,88637.88,88635.74,-0.24143468160694243,88649.25,1,0.42031342400946187,6744,0,0,0.5796865759905381
2025-12-31 14:40:00+00:00,240,88637.88,88583.93,-6.088415603763889,88649.25,1,0.061395049823207974,3091,0,0,0.938604950176792
2025-12-31 14:45:00+00:00,60,88649.25,88498.44,-17.026475076619715,88335.01,0,0.1724137931034483,212,0,0,0.8275862068965517
2025-12-31 14:45:00+00:00,120,88649.25,88525.53,-13.965872581775214,88335.01,0,0.12666666666666668,730,0,0,0.8733333333333333
2025-12-31 14:45:00+00:00,180,88649.25,88335.0,-35.5116718289845,88335.01,0,0.04285714285714286,330,2,0,0.9571428571428572
2025-12-31 14:45:00+00:00,240,88649.25,88360.52,-32.62308697098138,88335.01,0,0.03,380,1,0,0.97
2025-12-31 14:50:00+00:00,60,88335.01,88457.78,13.888577665925343,88457.47,1,0.7805907172995781,454,0,1,0.7805907172995781
2025-12-31 14:50:00+00:00,120,88335.01,88497.63,18.39253724236964,88457.47,1,0.878698224852071,318,0,1,0.878698224852071
2025-12-31 14:50:00+00:00,180,88335.01,88485.23,16.991271603392047,88457.47,1,0.9368770764119602,582,0,1,0.9368770764119602
2025-12-31 14:50:00+00:00,240,88335.01,88430.92,10.85163972625456,88457.47,1,0.9667240390131956,1723,0,1,0.9667240390131956
2025-12-31 14:55:00+00:00,60,88457.47,88529.34,8.121509614235121,88479.99,1,0.7643356643356644,1410,0,1,0.7643356643356644
2025-12-31 14:55:00+00:00,120,88457.47,88402.61,-6.203774391540345,88479.99,1,0.20150720838794234,3032,0,0,0.7984927916120577
2025-12-31 14:55:00+00:00,180,88457.47,88435.15,-2.523564874380471,88479.99,1,0.2623252391464312,5416,0,0,0.7376747608535688
2025-12-31 14:55:00+00:00,240,88457.47,88415.78,-4.714110332914206,88479.99,1,0.0959980358458139,4053,0,0,0.9040019641541861
2025-12-31 15:00:00+00:00,60,88479.99,88475.29,-0.5312076589197003,88404.63,0,0.44918122770103375,10911,0,0,0.5508187722989663
2025-12-31 15:00:00+00:00,120,88479.99,88392.91,-9.846619469208825,88404.63,0,0.1522491349480969,1714,0,0,0.8477508650519031
2025-12-31 15:00:00+00:00,180,88479.99,88394.63,-9.652035620137108,88404.63,0,0.09566596194503171,1872,0,0,0.9043340380549683
2025-12-31 15:00:00+00:00,240,88479.99,88343.44,-15.444788865823474,88404.63,0,0.020761245674740483,847,0,0,0.9792387543252595
2025-12-31 15:05:00+00:00,60,88404.64,88293.45,-12.58531030823949,88301.21,0,0.20246478873239437,548,0,0,0.7975352112676056
2025-12-31 15:05:00+00:00,120,88404.64,88371.34,-3.7674802191882213,88301.21,0,0.28777798897547996,5241,0,0,0.7122220110245201
2025-12-31 15:05:00+00:00,180,88404.64,88355.79,-5.527255307499106,88301.21,0,0.157574079202437,3591,0,0,0.8424259207975631
2025-12-31 15:05:00+00:00,240,88404.64,88355.81,-5.524991732271902,88301.21,0,0.07445008460236886,3526,0,0,0.9255499153976311
2025-12-31 15:10:00+00:00,60,88301.22,88286.16,-1.705671156852628,88199.4,0,0.3924328065520821,8649,0,0,0.6075671934479179
2025-12-31 15:10:00+00:00,120,88301.22,88079.52,-25.138812407134104,88199.4,0,0.10327455919395466,377,1,0,0.8967254408060453
2025-12-31 15:10:00+00:00,180,88301.22,88030.92,-30.658076481851307,88199.4,0,0.04610951008645533,327,1,0,0.9538904899135446
2025-12-31 15:10:00+00:00,240,88301.22,88132.43,-19.133544138997298,88199.4,0,0.03353057199211045,487,0,0,0.9664694280078896
2025-12-31 15:15:00+00:00,60,88199.41,88183.38,-1.8176376554805367,88051.22,0,0.3924328065520821,8649,0,0,0.6075671934479179
2025-12-31 15:15:00+00:00,120,88199.41,88100.11,-11.26492125456124,88051.22,0,0.12014787430683918,1062,0,0,0.8798521256931608
2025-12-31 15:15:00+00:00,180,88199.41,88100.79,-11.187736631782181,88051.22,0,0.08652373660030628,1286,0,0,0.9134762633996937
2025-12-31 15:15:00+00:00,240,88199.41,88037.04,-18.426386362353114,88051.22,0,0.029259896729776247,561,0,0,0.9707401032702238
2025-12-31 15:20:00+00:00,60,88051.21,88112.26,6.931062659472243,87945.99,0,0.7489711934156379,2410,0,1,0.7489711934156379
2025-12-31 15:20:00+00:00,120,88051.21,88084.21,3.74711689291292,87945.99,0,0.7333333333333333,5230,0,1,0.7333333333333333
2025-12-31 15:20:00+00:00,180,88051.21,88067.88,1.8930372681094692,87945.99,0,0.671796587487454,5958,0,1,0.671796587487454
2025-12-31 15:20:00+00:00,240,88051.21,87952.28,-11.241823718253672,87945.99,0,0.025049439683586024,1497,0,0,0.974950560316414
2025-12-31 15:25:00+00:00,60,87945.98,88015.99,7.957401669715152,87983.57,1,0.7586396050466264,1803,0,1,0.7586396050466264
2025-12-31 15:25:00+00:00,120,87945.98,88023.89,8.854925572286511,87983.57,1,0.8518877057115198,2046,0,1,0.8518877057115198
2025-12-31 15:25:00+00:00,180,87945.98,88045.07,11.260801099940718,87983.57,1,0.9299926308032425,1337,0,1,0.9299926308032425
2025-12-31 15:25:00+00:00,240,87945.98,88000.01,6.141657641453858,87983.57,1,0.9323004378578647,2949,0,1,0.9323004378578647
2025-12-31 15:30:00+00:00,60,87983.56,87945.01,-4.382460519857435,87919.99,0,0.2972459639126306,4192,0,0,0.7027540360873694
2025-12-31 15:30:00+00:00,120,87983.56,87900.01,-9.500603869305055,87919.99,0,0.1522491349480969,1714,0,0,0.8477508650519031
2025-12-31 15:30:00+00:00,180,87983.56,87808.0,-19.97366180332744,87919.99,0,0.07654320987654321,385,0,0,0.9234567901234568
2025-12-31 15:30:00+00:00,240,87983.56,87884.19,-11.300538111711765,87919.99,0,0.025049439683586024,1497,0,0,0.974950560316414
2025-12-31 15:35:00+00:00,60,87920.0,87918.19,-0.2058710909228508,88056.68,1,0.44918122770103375,10911,0,0,0.5508187722989663
2025-12-31 15:35:00+00:00,120,87920.0,87879.03,-4.661004186624488,88056.68,1,0.23990825688073394,4340,0,0,0.7600917431192661
2025-12-31 15:35:00+00:00,180,87920.0,87935.19,1.7275577749825617,88056.68,1,0.671796587487454,5958,0,1,0.671796587487454
2025-12-31 15:35:00+00:00,240,87920.0,87998.47,8.921178680596071,88056.68,1,0.9523396880415944,2288,0,1,0.9523396880415944
2025-12-31 15:40:00+00:00,60,88056.69,88004.86,-5.8877138702064284,88045.07,0,0.2723297938788257,3182,0,0,0.7276702061211743
2025-12-31 15:40:00+00:00,120,88056.69,88060.27,0.4065480122414191,88045.07,0,0.5704639512088869,9162,0,1,0.5704639512088869
2025-12-31 15:40:00+00:00,180,88056.69,88067.42,1.2184589620665087,88045.07,0,0.671796587487454,5958,0,1,0.671796587487454
2025-12-31 15:40:00+00:00,240,88056.69,88062.0,0.6030024413202527,88045.07,0,0.6464007782101168,6148,0,1,0.6464007782101168
2025-12-31 15:45:00+00:00,60,88045.06,88028.0,-1.9378319492360228,88142.21,1,0.3924328065520821,8649,0,0,0.6075671934479179
2025-12-31 15:45:00+00:00,120,88045.06,88067.87,2.5903833554475386,88142.21,1,0.6929419525065963,6044,0,1,0.6929419525065963
2025-12-31 15:45:00+00:00,180,88045.06,88049.64,0.5201746561417272,88142.21,1,0.6031160311603116,7297,0,1,0.6031160311603116
2025-12-31 15:45:00+00:00,240,88045.06,88049.3,0.4815600000843696,88142.21,1,0.6464007782101168,6148,0,1,0.6464007782101168
2025-12-31 15:50:00+00:00,60,88142.21,88134.71,-0.8509338607144732,88057.59,0,0.44918122770103375,10911,0,0,0.5508187722989663
2025-12-31 15:50:00+00:00,120,88142.21,88100.0,-4.789999036787404,88057.59,0,0.23990825688073394,4340,0,0,0.7600917431192661
2025-12-31 15:50:00+00:00,180,88142.21,88064.04,-8.872557599757764,88057.59,0,0.0943566591422122,2195,0,0,0.9056433408577877
2025-12-31 15:50:00+00:00,240,88142.21,88025.0,-13.306678046963787,88057.59,0,0.03016453382084095,1074,0,0,0.9698354661791591
2025-12-31 15:55:00+00:00,60,88057.58,88039.25,-2.0818092030624236,87953.97,0,0.36146292870357194,7007,0,0,0.638537071296428
2025-12-31 15:55:00+00:00,120,88057.58,88051.86,-0.6495960695823145,87953.97,0,0.43843880817532627,8102,0,0,0.5615611918246737
2025-12-31 15:55:00+00:00,180,88057.58,88015.99,-4.724161698259071,87953.97,0,0.1799183281287533,4143,0,0,0.8200816718712467
2025-12-31 15:55:00+00:00,240,88057.58,88028.55,-3.2972500744958486,87953.97,0,0.13416502516962137,4549,0,0,0.8658349748303786
2025-12-31 16:00:00+00:00,60,87953.97,87967.0,1.481346996191154,87868.01,0,0.6043804034582133,8655,0,1,0.6043804034582133
2025-12-31 16:00:00+00:00,120,87953.97,87940.04,-1.5839084036035644,87868.01,0,0.36449130806497576,6998,0,0,0.6355086919350242
2025-12-31 16:00:00+00:00,180,87953.97,87886.94,-7.623937256322663,87868.01,0,0.10833653476757588,2583,0,0,0.8916634652324241
2025-12-31 16:00:00+00:00,240,87953.97,87898.77,-6.277980293397484,87868.01,0,0.061395049823207974,3091,0,0,0.938604950176792
2025-12-31 16:05:00+00:00,60,87868.01,87846.0,-2.505207196069088,87852.56,0,0.36146292870357194,7007,0,0,0.638537071296428
2025-12-31 16:05:00+00:00,120,87868.01,87918.72,5.769491406621902,87852.56,0,0.7888670227719988,3537,0,1,0.7888670227719988
2025-12-31 16:05:00+00:00,180,87868.01,87851.84,-1.8404295298040951,87852.56,0,0.32701421800947866,6099,0,0,0.6729857819905214
2025-12-31 16:05:00+00:00,240,87868.01,87863.62,-0.4996254801606759,87852.56,0,0.3684836135167261,5869,0,0,0.6315163864832739
2025-12-31 16:10:00+00:00,60,87852.56,87864.3,1.3362405881217458,87919.27,1,0.6043804034582133,8655,0,1,0.6043804034582133
2025-12-31 16:10:00+00:00,120,87852.56,87883.97,3.574669459387102,87919.27,1,0.7333333333333333,5230,0,1,0.7333333333333333
2025-12-31 16:10:00+00:00,180,87852.56,87897.18,5.077674761702851,87919.27,1,0.8439241917502787,3568,0,1,0.8439241917502787
2025-12-31 16:10:00+00:00,240,87852.56,87955.27,11.684350086719215,87919.27,1,0.9745403111739745,1394,0,1,0.9745403111739745
2025-12-31 16:15:00+00:00,60,87919.27,88008.42,10.134846610089344,87934.86,1,0.7517006802721088,862,0,1,0.7517006802721088
2025-12-31 16:15:00+00:00,120,87919.27,88000.69,9.25648298391465,87934.86,1,0.8292533659730722,1614,0,1,0.8292533659730722
2025-12-31 16:15:00+00:00,180,87919.27,88010.01,10.31550950999675,87934.86,1,0.9218559218559218,1618,0,1,0.9218559218559218
2025-12-31 16:15:00+00:00,240,87919.27,88016.78,11.084710607549946,87934.86,1,0.9745403111739745,1394,0,1,0.9745403111739745
2025-12-31 16:20:00+00:00,60,87934.86,87933.73,-0.12850503890634196,87760.05,0,0.44918122770103375,10911,0,0,0.5508187722989663
2025-12-31 16:20:00+00:00,120,87934.86,87859.98,-8.519021892633733,87760.05,0,0.173890608875129,1918,0,0,0.826109391124871
2025-12-31 16:20:00+00:00,180,87934.86,87841.99,-10.566807704353335,87760.05,0,0.08766233766233766,1520,0,0,0.9123376623376623
2025-12-31 16:20:00+00:00,240,87934.86,87846.99,-9.997620040864046,87760.05,0,0.0353409656545545,1989,0,0,0.9646590343454455
2025-12-31 16:25:00+00:00,60,87760.05,87825.66,7.473273656903279,87924.21,1,0.7586396050466264,1803,0,1,0.7586396050466264
2025-12-31 16:25:00+00:00,120,87760.05,87920.0,18.209243929108222,87924.21,1,0.878698224852071,318,0,1,0.878698224852071
2025-12-31 16:25:00+00:00,180,87760.05,87896.59,15.54624151979446,87924.21,1,0.9310829817158931,691,0,1,0.9310829817158931
2025-12-31 16:25:00+00:00,240,87760.05,87887.55,14.517707317795887,87924.21,1,0.965553235908142,938,0,1,0.965553235908142
2025-12-31 16:30:00+00:00,60,87924.2,87922.9,-0.14785572238910358,87776.3,0,0.44918122770103375,10911,0,0,0.5508187722989663
2025-12-31 16:30:00+00:00,120,87924.2,87871.0,-6.0524976363457155,87776.3,0,0.20150720838794234,3032,0,0,0.7984927916120577
2025-12-31 16:30:00+00:00,180,87924.2,87817.98,-12.088163801585617,87776.3,0,0.06714413607878246,1097,0,0,0.9328558639212176
2025-12-31 16:30:00+00:00,240,87924.2,87857.05,-7.640178149423293,87776.3,0,0.049161139289894656,2543,0,0,0.9508388607101054
2025-12-31 16:35:00+00:00,60,87776.29,87707.82,-7.803555942995122,87792.23,1,0.2452431289640592,1872,0,0,0.7547568710359408
2025-12-31 16:35:00+00:00,120,87776.29,87693.0,-9.493399814337716,87792.23,1,0.1522491349480969,1714,0,0,0.8477508650519031
2025-12-31 16:35:00+00:00,180,87776.29,87759.99,-1.857165942771616,87792.23,1,0.32701421800947866,6099,0,0,0.6729857819905214
2025-12-31 16:35:00+00:00,240,87776.29,87764.4,-1.3546716739217308,87792.23,1,0.26818098552848507,5439,0,0,0.7318190144715149
2025-12-31 16:40:00+00:00,60,87792.22,87700.01,-10.50872833354367,87459.84,0,0.20551090700344432,851,0,0,0.7944890929965557
2025-12-31 16:40:00+00:00,120,87792.22,87690.25,-11.62167497152359,87459.84,0,0.12014787430683918,1062,0,0,0.8798521256931608
2025-12-31 16:40:00+00:00,180,87792.22,87471.99,-36.54258406231124,87459.84,0,0.04854368932038835,289,2,0,0.9514563106796117
2025-12-31 16:40:00+00:00,240,87792.22,87433.56,-40.93695583821247,87459.84,0,0.03571428571428571,260,2,0,0.9642857142857143
2025-12-31 16:45:00+00:00,60,87459.84,87517.83,6.628274581907771,87495.66,1,0.7489711934156379,2410,0,1,0.7489711934156379
2025-12-31 16:45:00+00:00,120,87459.84,87501.45,4.756480794636061,87495.66,1,0.7526728439059159,4189,0,1,0.7526728439059159
2025-12-31 16:45:00+00:00,180,87459.84,87536.08,8.713346553862639,87495.66,1,0.8855172413793103,2155,0,1,0.8855172413793103
2025-12-31 16:45:00+00:00,240,87459.84,87538.54,8.994369582804806,87495.66,1,0.9523396880415944,2288,0,1,0.9523396880415944
2025-12-31 16:50:00+00:00,60,87495.66,87563.66,7.768795562563565,87551.2,1,0.7586396050466264,1803,0,1,0.7586396050466264
2025-12-31 16:50:00+00:00,120,87495.66,87526.01,3.4681420082674173,87551.2,1,0.7333333333333333,5230,0,1,0.7333333333333333
2025-12-31 16:50:00+00:00,180,87495.66,87541.51,5.238887380165773,87551.2,1,0.8439241917502787,3568,0,1,0.8439241917502787
2025-12-31 16:50:00+00:00,240,87495.66,87594.75,11.318725060838236,87551.2,1,0.9745403111739745,1394,0,1,0.9745403111739745
2025-12-31 16:55:00+00:00,60,87551.21,87553.13,0.21929781981237165,87656.98,1,0.5441675695196821,13825,0,1,0.5441675695196821
2025-12-31 16:55:00+00:00,120,87551.21,87639.97,10.132931075024876,87656.98,1,0.8625664388762339,1297,0,1,0.8625664388762339
2025-12-31 16:55:00+00:00,180,87551.21,87650.99,11.390269161887188,87656.98,1,0.9299926308032425,1337,0,1,0.9299926308032425
2025-12-31 16:55:00+00:00,240,87551.21,87686.76,15.470394576547232,87656.98,1,0.9768009768009768,799,0,1,0.9768009768009768
2025-12-31 17:00:00+00:00,60,87656.99,87622.31,-3.9571130706867925,87654.9,0,0.321805067505086,5387,0,0,0.678194932494914
2025-12-31 17:00:00+00:00,120,87656.99,87608.25,-5.561855991119892,87654.9,0,0.20780679584386408,3541,0,0,0.7921932041561359
2025-12-31 17:00:00+00:00,180,87656.99,87673.43,1.875316336796251,87654.9,0,0.671796587487454,5958,0,1,0.671796587487454
2025-12-31 17:00:00+00:00,240,87656.99,87670.26,1.513740736288325,87654.9,0,0.7472212262459663,5558,0,1,0.7472212262459663
2025-12-31 17:05:00+00:00,60,87654.9,87603.31,-5.887313523299118,87500.01,0,0.2723297938788257,3182,0,0,0.7276702061211743
2025-12-31 17:05:00+00:00,120,87654.9,87579.94,-8.555376838556816,87500.01,0,0.173890608875129,1918,0,0,0.826109391124871
2025-12-31 17:05:00+00:00,180,87654.9,87539.18,-13.210493965237973,87500.01,0,0.06309148264984227,931,0,0,0.9369085173501577
2025-12-31 17:05:00+00:00,240,87654.9,87535.8,-13.59661424357931,87500.01,0,0.03016453382084095,1074,0,0,0.9698354661791591
2025-12-31 17:10:00+00:00,60,87500.02,87529.42,3.359434878669548,87529.99,1,0.6758432087511395,5465,0,1,0.6758432087511395
2025-12-31 17:10:00+00:00,120,87500.02,87514.33,1.6352944809264545,87529.99,1,0.6351039260969977,6908,0,1,0.6351039260969977
2025-12-31 17:10:00+00:00,180,87500.02,87530.25,3.4542596889764803,87529.99,1,0.7870081199250468,4783,0,1,0.7870081199250468
2025-12-31 17:10:00+00:00,240,87500.02,87517.34,1.9792322380522465,87529.99,1,0.7472212262459663,5558,0,1,0.7472212262459663
2025-12-31 17:15:00+00:00,60,87530.0,87515.37,-1.6715666383031977,87723.38,1,0.3924328065520821,8649,0,0,0.6075671934479179
2025-12-31 17:15:00+00:00,120,87530.0,87553.99,2.740399067915128,87723.38,1,0.6929419525065963,6044,0,1,0.6929419525065963
2025-12-31 17:15:00+00:00,180,87530.0,87636.85,12.199798449595738,87723.38,1,0.902333621434745,1137,0,1,0.902333621434745
2025-12-31 17:15:00+00:00,240,87530.0,87682.2,17.373223814546755,87723.38,1,0.96843853820598,582,0,1,0.96843853820598
2025-12-31 17:20:00+00:00,60,87723.39,87608.81,-13.070048320964476,87561.76,0,0.20417633410672853,411,0,0,0.7958236658932715
2025-12-31 17:20:00+00:00,120,87723.39,87626.9,-11.005400645641359,87561.76,0,0.12014787430683918,1062,0,0,0.8798521256931608
2025-12-31 17:20:00+00:00,180,87723.39,87591.53,-15.042647238984177,87561.76,0,0.05779569892473118,724,0,0,0.9422043010752689
2025-12-31 17:20:00+00:00,240,87723.39,87610.01,-12.933076733093461,87561.76,0,0.03255813953488372,1270,0,0,0.9674418604651163
2025-12-31 17:25:00+00:00,60,87561.75,87614.66,6.0407678875189275,87610.63,1,0.7489711934156379,2410,0,1,0.7489711934156379
2025-12-31 17:25:00+00:00,120,87561.75,87650.01,10.074667073173584,87610.63,1,0.8625664388762339,1297,0,1,0.8625664388762339
2025-12-31 17:25:00+00:00,180,87561.75,87680.45,13.546967357545682,87610.63,1,0.926906779661017,924,0,1,0.926906779661017
2025-12-31 17:25:00+00:00,240,87561.75,87652.38,10.345056997710433,87610.63,1,0.9667240390131956,1723,0,1,0.9667240390131956
2025-12-31 17:30:00+00:00,60,87610.64,87586.19,-2.791146410438279,87661.69,1,0.36146292870357194,7007,0,0,0.638537071296428
2025-12-31 17:30:00+00:00,120,87610.64,87599.18,-1.3081458580748386,87661.69,1,0.36449130806497576,6998,0,0,0.6355086919350242
2025-12-31 17:30:00+00:00,180,87610.64,87632.35,2.4777025444582788,87661.69,1,0.7370153621068032,5448,0,1,0.7370153621068032
2025-12-31 17:30:00+00:00,240,87610.64,87668.31,6.580368273655624,87661.69,1,0.9323004378578647,2949,0,1,0.9323004378578647
2025-12-31 17:35:00+00:00,60,87661.69,87606.05,-6.349143529677979,87592.12,0,0.26867572156196945,2336,0,0,0.7313242784380305
2025-12-31 17:35:00+00:00,120,87661.69,87618.0,-4.985175510616782,87592.12,0,0.23990825688073394,4340,0,0,0.7600917431192661
2025-12-31 17:35:00+00:00,180,87661.69,87567.44,-10.757344864849404,87592.12,0,0.08766233766233766,1520,0,0,0.9123376623376623
2025-12-31 17:35:00+00:00,240,87661.69,87584.41,-8.819597698251343,87592.12,0,0.04361370716510903,2227,0,0,0.956386292834891
2025-12-31 17:40:00+00:00,60,87592.12,87558.75,-3.8104293063175536,87622.97,1,0.321805067505086,5387,0,0,0.678194932494914
2025-12-31 17:40:00+00:00,120,87592.12,87591.45,-0.07649119149693659,87622.97,1,0.43843880817532627,8102,0,0,0.5615611918246737
2025-12-31 17:40:00+00:00,180,87592.12,87599.98,0.8973007350539605,87622.97,1,0.6031160311603116,7297,0,1,0.6031160311603116
2025-12-31 17:40:00+00:00,240,87592.12,87611.12,2.1689096702192088,87622.97,1,0.8199286846275753,5028,0,1,0.8199286846275753
2025-12-31 17:45:00+00:00,60,87622.97,87622.2,-0.08787688699339216,87617.3,0,0.44918122770103375,10911,0,0,0.5508187722989663
2025-12-31 17:45:00+00:00,120,87622.97,87626.36,0.38687737070704287,87617.3,0,0.5704639512088869,9162,0,1,0.5704639512088869
2025-12-31 17:45:00+00:00,180,87622.97,87647.73,2.8253439011431962,87617.3,0,0.7370153621068032,5448,0,1,0.7370153621068032
2025-12-31 17:45:00+00:00,240,87622.97,87645.34,2.5526577076560564,87617.3,0,0.8199286846275753,5028,0,1,0.8199286846275753
2025-12-31 17:50:00+00:00,60,87617.3,87586.0,-3.572992099234776,87667.79,1,0.321805067505086,5387,0,0,0.678194932494914
2025-12-31 17:50:00+00:00,120,87617.3,87574.67,-4.866661507533333,87667.79,1,0.23990825688073394,4340,0,0,0.7600917431192661
2025-12-31 17:50:00+00:00,180,87617.3,87640.01,2.5916180189113542,87667.79,1,0.7370153621068032,5448,0,1,0.7370153621068032
2025-12-31 17:50:00+00:00,240,87617.3,87674.74,6.553634957512472,87667.79,1,0.9323004378578647,2949,0,1,0.9323004378578647
2025-12-31 17:55:00+00:00,60,87667.79,87609.15,-6.691125733689779,87620.82,0,0.26867572156196945,2336,0,0,0.7313242784380305
2025-12-31 17:55:00+00:00,120,87667.79,87569.46,-11.222500960279794,87620.82,0,0.12014787430683918,1062,0,0,0.8798521256931608
2025-12-31 17:55:00+00:00,180,87667.79,87620.0,-5.452747300206652,87620.82,0,0.157574079202437,3591,0,0,0.8424259207975631
2025-12-31 17:55:00+00:00,240,87667.79,87623.87,-5.011077072241594,87620.82,0,0.07445008460236886,3526,0,0,0.9255499153976311
2025-12-31 18:00:00+00:00,60,87620.82,87580.01,-4.658653813237346,87670.78,1,0.2972459639126306,4192,0,0,0.7027540360873694
2025-12-31 18:00:00+00:00,120,87620.82,87591.77,-3.315971787894244,87670.78,1,0.28777798897547996,5241,0,0,0.7122220110245201
2025-12-31 18:00:00+00:00,180,87620.82,87640.0,2.188737913763406,87670.78,1,0.7370153621068032,5448,0,1,0.7370153621068032
2025-12-31 18:00:00+00:00,240,87620.82,87669.41,5.543948598220959,87670.78,1,0.9181614349775785,3548,0,1,0.9181614349775785
2025-12-31 18:05:00+00:00,60,87670.78,87636.01,-3.966760267064174,87868.58,1,0.321805067505086,5387,0,0,0.678194932494914
2025-12-31 18:05:00+00:00,120,87670.78,87644.13,-3.040243434544974,87868.58,1,0.28777798897547996,5241,0,0,0.7122220110245201
2025-12-31 18:05:00+00:00,180,87670.78,87824.71,17.542335643442076,87868.58,1,0.9242424242424242,508,0,1,0.9242424242424242
2025-12-31 18:05:00+00:00,240,87670.78,87892.95,25.309341353687994,87868.58,1,0.9477911646586346,229,0,1,0.9477911646586346
2025-12-31 18:10:00+00:00,60,87868.59,87905.8,4.233836403113281,87906.38,1,0.7120669056152927,4165,0,1,0.7120669056152927
2025-12-31 18:10:00+00:00,120,87868.59,87911.99,4.9379744772584315,87906.38,1,0.7526728439059159,4189,0,1,0.7526728439059159
2025-12-31 18:10:00+00:00,180,87868.59,87921.57,6.027641320093468,87906.38,1,0.8701675257731959,3084,0,1,0.8701675257731959
2025-12-31 18:10:00+00:00,240,87868.59,87896.54,3.180380572140849,87906.38,1,0.8613728129205922,4438,0,1,0.8613728129205922
2025-12-31 18:15:00+00:00,60,87906.38,87908.91,0.2878020449957569,87845.54,0,0.5441675695196821,13825,0,1,0.5441675695196821
2025-12-31 18:15:00+00:00,120,87906.38,87908.9,0.28666450380841835,87845.54,0,0.5704639512088869,9162,0,1,0.5704639512088869
2025-12-31 18:15:00+00:00,180,87906.38,87908.94,0.2912146677747117,87845.54,0,0.6031160311603116,7297,0,1,0.6031160311603116
2025-12-31 18:15:00+00:00,240,87906.38,87892.92,-1.5312916520498923,87845.54,0,0.26818098552848507,5439,0,0,0.7318190144715149
2025-12-31 18:20:00+00:00,60,87845.54,87879.99,3.92088735670374,87932.54,1,0.6758432087511395,5465,0,1,0.6758432087511395
2025-12-31 18:20:00+00:00,120,87845.54,87918.22,8.270192233316914,87932.54,1,0.8518877057115198,2046,0,1,0.8518877057115198
2025-12-31 18:20:00+00:00,180,87845.54,87910.64,7.4079902029222735,87932.54,1,0.8873563218390804,2590,0,1,0.8873563218390804
2025-12-31 18:20:00+00:00,240,87845.54,87930.82,9.703239581380707,87932.54,1,0.9704170708050437,2042,0,1,0.9704170708050437
2025-12-31 18:25:00+00:00,60,87932.55,87944.47,1.3554926070775895,87940.48,1,0.6043804034582133,8655,0,1,0.6043804034582133
2025-12-31 18:25:00+00:00,120,87932.55,87931.6,-0.10803793723765633,87940.48,1,0.43843880817532627,8102,0,0,0.5615611918246737
2025-12-31 18:25:00+00:00,180,87932.55,87948.0,1.7568742012391143,87940.48,1,0.671796587487454,5958,0,1,0.671796587487454
2025-12-31 18:25:00+00:00,240,87932.55,87979.99,5.3935894678179475,87940.48,1,0.9181614349775785,3548,0,1,0.9181614349775785
2025-12-31 18:30:00+00:00,60,87940.48,87903.54,-4.201450870310586,87885.4,0,0.2972459639126306,4192,0,0,0.7027540360873694
2025-12-31 18:30:00+00:00,120,87940.48,87937.72,-0.31385356459420083,87885.4,0,0.43843880817532627,8102,0,0,0.5615611918246737
2025-12-31 18:30:00+00:00,180,87940.48,87914.41,-2.9649445848189453,87885.4,0,0.2623252391464312,5416,0,0,0.7376747608535688
2025-12-31 18:30:00+00:00,240,87940.48,87904.06,-4.142295293417983,87885.4,0,0.0959980358458139,4053,0,0,0.9040019641541861
2025-12-31 18:35:00+00:00,60,87885.4,87865.94,-2.214492370814215,87836.33,0,0.36146292870357194,7007,0,0,0.638537071296428
2025-12-31 18:35:00+00:00,120,87885.4,87900.42,1.7088977980772784,87836.33,0,0.6351039260969977,6908,0,1,0.6351039260969977
2025-12-31 18:35:00+00:00,180,87885.4,87865.56,-2.257740166456996,87836.33,0,0.2623252391464312,5416,0,0,0.7376747608535688
2025-12-31 18:35:00+00:00,240,87885.4,87850.0,-4.028784237985857,87836.33,0,0.0959980358458139,4053,0,0,0.9040019641541861
2025-12-31 18:40:00+00:00,60,87836.33,87882.17,5.217435960342407,87872.16,1,0.7065553494124923,3214,0,1,0.7065553494124923
2025-12-31 18:40:00+00:00,120,87836.33,87864.9,3.2521115818936503,87872.16,1,0.7333333333333333,5230,0,1,0.7333333333333333
2025-12-31 18:40:00+00:00,180,87836.33,87840.1,0.4291981571555668,87872.16,1,0.6031160311603116,7297,0,1,0.6031160311603116
2025-12-31 18:40:00+00:00,240,87836.33,87826.78,-1.0873085429736682,87872.16,1,0.26818098552848507,5439,0,0,0.7318190144715149
2025-12-31 18:45:00+00:00,60,87872.16,87867.82,-0.4939115164212378,87755.19,0,0.44918122770103375,10911,0,0,0.5508187722989663
2025-12-31 18:45:00+00:00,120,87872.16,87842.26,-3.4032494645114566,87755.19,0,0.28777798897547996,5241,0,0,0.7122220110245201
2025-12-31 18:45:00+00:00,180,87872.16,87786.87,-9.710859350918055,87755.19,0,0.09566596194503171,1872,0,0,0.9043340380549683
2025-12-31 18:45:00+00:00,240,87872.16,87786.33,-9.77237215583321,87755.19,0,0.0353409656545545,1989,0,0,0.9646590343454455
2025-12-31 18:50:00+00:00,60,87755.19,87723.23,-3.6426131889490296,87737.42,0,0.321805067505086,5387,0,0,0.678194932494914
2025-12-31 18:50:00+00:00,120,87755.19,87698.01,-6.517977674317069,87737.42,0,0.20150720838794234,3032,0,0,0.7984927916120577
2025-12-31 18:50:00+00:00,180,87755.19,87705.68,-5.643423666372676,87737.42,0,0.157574079202437,3591,0,0,0.8424259207975631
2025-12-31 18:50:00+00:00,240,87755.19,87716.52,-4.407548159873533,87737.42,0,0.0959980358458139,4053,0,0,0.9040019641541861
2025-12-31 18:55:00+00:00,60,87737.42,87732.34,-0.5790171481882385,87684.07,0,0.44918122770103375,10911,0,0,0.5508187722989663
2025-12-31 18:55:00+00:00,120,87737.42,87732.94,-0.5106275499712016,87684.07,0,0.43843880817532627,8102,0,0,0.5615611918246737
2025-12-31 18:55:00+00:00,180,87737.42,87728.55,-1.0110222520693437,87684.07,0,0.32701421800947866,6099,0,0,0.6729857819905214
2025-12-31 18:55:00+00:00,240,87737.42,87689.62,-5.449559108215499,87684.07,0,0.07445008460236886,3526,0,0,0.9255499153976311
2025-12-31 19:00:00+00:00,60,87684.08,87775.53,10.424052382296692,87792.82,1,0.7517006802721088,862,0,1,0.7517006802721088
2025-12-31 19:00:00+00:00,120,87684.08,87761.92,8.873386125349564,87792.82,1,0.8518877057115198,2046,0,1,0.8518877057115198
2025-12-31 19:00:00+00:00,180,87684.08,87786.9,11.7193181194928,87792.82,1,0.9299926308032425,1337,0,1,0.9299926308032425
2025-12-31 19:00:00+00:00,240,87684.08,87788.19,11.866263793851015,87792.82,1,0.9745403111739745,1394,0,1,0.9745403111739745
2025-12-31 19:05:00+00:00,60,87792.82,87747.11,-5.207932011041912,87770.01,0,0.2723297938788257,3182,0,0,0.7276702061211743
2025-12-31 19:05:00+00:00,120,87792.82,87735.29,-6.5550756582543315,87770.01,0,0.20150720838794234,3032,0,0,0.7984927916120577
2025-12-31 19:05:00+00:00,180,87792.82,87796.29,0.3952409121988898,87770.01,0,0.6031160311603116,7297,0,1,0.6031160311603116
2025-12-31 19:05:00+00:00,240,87792.82,87811.14,2.086513318543701,87770.01,0,0.8199286846275753,5028,0,1,0.8199286846275753
2025-12-31 19:10:00+00:00,60,87770.0,87819.19,5.602850754856197,87786.11,1,0.7065553494124923,3214,0,1,0.7065553494124923
2025-12-31 19:10:00+00:00,120,87770.0,87824.75,6.235949739297395,87786.11,1,0.8041909996564754,2891,0,1,0.8041909996564754
2025-12-31 19:10:00+00:00,180,87770.0,87865.55,10.880486259917197,87786.11,1,0.9218559218559218,1618,0,1,0.9218559218559218
2025-12-31 19:10:00+00:00,240,87770.0,87828.9,6.708470521048485,87786.11,1,0.9323004378578647,2949,0,1,0.9323004378578647
2025-12-31 19:15:00+00:00,60,87786.11,87794.7,0.9784668389278409,87793.41,1,0.5441675695196821,13825,0,1,0.5441675695196821
2025-12-31 19:15:00+00:00,120,87786.11,87800.0,1.582129705929069,87793.41,1,0.6351039260969977,6908,0,1,0.6351039260969977
2025-12-31 19:15:00+00:00,180,87786.11,87791.2,0.5798015701938785,87793.41,1,0.6031160311603116,7297,0,1,0.6031160311603116
2025-12-31 19:15:00+00:00,240,87786.11,87796.92,1.2313262863328354,87793.41,1,0.7472212262459663,5558,0,1,0.7472212262459663
2025-12-31 19:20:00+00:00,60,87793.41,87795.57,0.2460291073073148,87745.33,0,0.5441675695196821,13825,0,1,0.5441675695196821
2025-12-31 19:20:00+00:00,120,87793.41,87774.51,-2.153012927762469,87745.33,0,0.3182711198428291,6088,0,0,0.6817288801571709
2025-12-31 19:20:00+00:00,180,87793.41,87718.01,-8.592034027023292,87745.33,0,0.0943566591422122,2195,0,0,0.9056433408577877
2025-12-31 19:20:00+00:00,240,87793.41,87771.34,-2.514172134925683,87745.33,0,0.18210547106458622,5043,0,0,0.8178945289354138
2025-12-31 19:25:00+00:00,60,87745.32,87672.27,-8.328697734672527,87737.06,0,0.2558139534883721,1399,0,0,0.7441860465116279
2025-12-31 19:25:00+00:00,120,87745.32,87713.32,-3.6475833113487726,87737.06,0,0.28777798897547996,5241,0,0,0.7122220110245201
2025-12-31 19:25:00+00:00,180,87745.32,87760.01,1.6740232372769686,87737.06,0,0.671796587487454,5958,0,1,0.671796587487454
2025-12-31 19:25:00+00:00,240,87745.32,87746.98,0.1891820894758255,87737.06,0,0.6464007782101168,6148,0,1,0.6464007782101168
2025-12-31 19:30:00+00:00,60,87737.07,87702.6,-3.929556005612514,87670.03,0,0.321805067505086,5387,0,0,0.678194932494914
2025-12-31 19:30:00+00:00,120,87737.07,87700.01,-4.224876582677719,87670.03,0,0.23990825688073394,4340,0,0,0.7600917431192661
2025-12-31 19:30:00+00:00,180,87737.07,87718.29,-2.1407154585338706,87670.03,0,0.2623252391464312,5416,0,0,0.7376747608535688
2025-12-31 19:30:00+00:00,240,87737.07,87705.03,-3.6524871004398496,87670.03,0,0.13416502516962137,4549,0,0,0.8658349748303786
2025-12-31 19:35:00+00:00,60,87670.03,87691.74,2.476024290917766,87652.43,0,0.6463788300835654,7160,0,1,0.6463788300835654
2025-12-31 19:35:00+00:00,120,87670.03,87681.46,1.3036672817769823,87652.43,0,0.6351039260969977,6908,0,1,0.6351039260969977
2025-12-31 19:35:00+00:00,180,87670.03,87691.53,2.452076738793167,87652.43,0,0.7370153621068032,5448,0,1,0.7370153621068032
2025-12-31 19:35:00+00:00,240,87670.03,87650.03,-2.2815415516915203,87652.43,0,0.18210547106458622,5043,0,0,0.8178945289354138
2025-12-31 19:40:00+00:00,60,87652.43,87695.99,4.968393886419758,87644.66,0,0.7120669056152927,4165,0,1,0.7120669056152927
2025-12-31 19:40:00+00:00,120,87652.43,87685.86,3.813200231973199,87644.66,0,0.7333333333333333,5230,0,1,0.7333333333333333
2025-12-31 19:40:00+00:00,180,87652.43,87689.31,4.206642473589766,87644.66,0,0.8201160541586073,4116,0,1,0.8201160541586073
2025-12-31 19:40:00+00:00,240,87652.43,87648.0,-0.5054180415799906,87644.66,0,0.3684836135167261,5869,0,0,0.6315163864832739
2025-12-31 19:45:00+00:00,60,87644.66,87646.35,0.19282221034163158,87691.05,1,0.5441675695196821,13825,0,1,0.5441675695196821
2025-12-31 19:45:00+00:00,120,87644.66,87674.01,3.3481887894975713,87691.05,1,0.7333333333333333,5230,0,1,0.7333333333333333
2025-12-31 19:45:00+00:00,180,87644.66,87674.44,3.3972339906386866,87691.05,1,0.7870081199250468,4783,0,1,0.7870081199250468
2025-12-31 19:45:00+00:00,240,87644.66,87691.59,5.353143017566546,87691.05,1,0.9181614349775785,3548,0,1,0.9181614349775785
2025-12-31 19:50:00+00:00,60,87691.05,87678.01,-1.4871494463208765,87644.52,0,0.3924328065520821,8649,0,0,0.6075671934479179
2025-12-31 19:50:00+00:00,120,87691.05,87675.36,-1.7893962751329737,87644.52,0,0.36449130806497576,6998,0,0,0.6355086919350242
2025-12-31 19:50:00+00:00,180,87691.05,87675.37,-1.788255703890007,87644.52,0,0.32701421800947866,6099,0,0,0.6729857819905214
2025-12-31 19:50:00+00:00,240,87691.05,87644.68,-5.289281435229766,87644.52,0,0.07445008460236886,3526,0,0,0.9255499153976311
2025-12-31 19:55:00+00:00,60,87644.51,87562.0,-9.41860049601457,87541.85,0,0.23896103896103896,1135,0,0,0.7610389610389611
2025-12-31 19:55:00+00:00,120,87644.51,87576.17,-7.800449520597025,87541.85,0,0.18138041733547353,2472,0,0,0.8186195826645265
2025-12-31 19:55:00+00:00,180,87644.51,87580.07,-7.35513281356353,87541.85,0,0.10833653476757588,2583,0,0,0.8916634652324241
2025-12-31 19:55:00+00:00,240,87644.51,87599.98,-5.082042917115535,87541.85,0,0.07445008460236886,3526,0,0,0.9255499153976311
2025-12-31 20:00:00+00:00,60,87541.85,87509.97,-3.642350059822596,87493.86,0,0.321805067505086,5387,0,0,0.678194932494914
2025-12-31 20:00:00+00:00,120,87541.85,87510.52,-3.5795002757775007,87493.86,0,0.28777798897547996,5241,0,0,0.7122220110245201
2025-12-31 20:00:00+00:00,180,87541.85,87542.51,0.07539222806639759,87493.86,0,0.6031160311603116,7297,0,1,0.6031160311603116
2025-12-31 20:00:00+00:00,240,87541.85,87533.67,-0.9344538866386756,87493.86,0,0.3684836135167261,5869,0,0,0.6315163864832739
2025-12-31 20:05:00+00:00,60,87493.87,87480.0,-1.5853795802822832,87463.52,0,0.3924328065520821,8649,0,0,0.6075671934479179
2025-12-31 20:05:00+00:00,120,87493.87,87472.99,-2.3867377055414583,87463.52,0,0.3182711198428291,6088,0,0,0.6817288801571709
2025-12-31 20:05:00+00:00,180,87493.87,87465.58,-3.233892224346517,87463.52,0,0.21654256389615617,4949,0,0,0.7834574361038438
2025-12-31 20:05:00+00:00,240,87493.87,87469.1,-2.8314562979211826,87463.52,0,0.18210547106458622,5043,0,0,0.8178945289354138
2025-12-31 20:10:00+00:00,60,87463.52,87428.73,-3.978449640723392,87544.21,1,0.321805067505086,5387,0,0,0.678194932494914
2025-12-31 20:10:00+00:00,120,87463.52,87450.0,-1.5459068031942071,87544.21,1,0.36449130806497576,6998,0,0,0.6355086919350242
2025-12-31 20:10:00+00:00,180,87463.52,87450.02,-1.5436197823000988,87544.21,1,0.32701421800947866,6099,0,0,0.6729857819905214
2025-12-31 20:10:00+00:00,240,87463.52,87478.63,1.7274281855541436,87544.21,1,0.7472212262459663,5558,0,1,0.7472212262459663
2025-12-31 20:15:00+00:00,60,87544.2,87551.55,0.8395406518221242,87503.51,0,0.5441675695196821,13825,0,1,0.5441675695196821
2025-12-31 20:15:00+00:00,120,87544.2,87528.52,-1.79125566129521,87503.51,0,0.36449130806497576,6998,0,0,0.6355086919350242
2025-12-31 20:15:00+00:00,180,87544.2,87521.7,-2.5704606235582297,87503.51,0,0.2623252391464312,5416,0,0,0.7376747608535688
2025-12-31 20:15:00+00:00,240,87544.2,87529.36,-1.6952874021117323,87503.51,0,0.26818098552848507,5439,0,0,0.7318190144715149
2025-12-31 20:20:00+00:00,60,87503.5,87477.26,-2.9991869045147657,87500.05,0,0.36146292870357194,7007,0,0,0.638537071296428
2025-12-31 20:20:00+00:00,120,87503.5,87459.98,-4.974752548079313,87500.05,0,0.23990825688073394,4340,0,0,0.7600917431192661
2025-12-31 20:20:00+00:00,180,87503.5,87473.73,-3.402728490701145,87500.05,0,0.21654256389615617,4949,0,0,0.7834574361038438
2025-12-31 20:20:00+00:00,240,87503.5,87508.8,0.6056717158313826,87500.05,0,0.6464007782101168,6148,0,1,0.6464007782101168
2025-12-31 20:25:00+00:00,60,87500.04,87471.96,-3.209656429720891,87496.8,0,0.321805067505086,5387,0,0,0.678194932494914
2025-12-31 20:25:00+00:00,120,87500.04,87471.97,-3.2085132062892043,87496.8,0,0.28777798897547996,5241,0,0,0.7122220110245201
2025-12-31 20:25:00+00:00,180,87500.04,87470.71,-3.352560387916915,87496.8,0,0.21654256389615617,4949,0,0,0.7834574361038438
2025-12-31 20:25:00+00:00,240,87500.04,87485.43,-1.669852935097584,87496.8,0,0.26818098552848507,5439,0,0,0.7318190144715149
2025-12-31 20:30:00+00:00,60,87496.8,87450.01,-5.349054505841309,87427.0,0,0.2723297938788257,3182,0,0,0.7276702061211743
2025-12-31 20:30:00+00:00,120,87496.8,87484.14,-1.447014745959998,87427.0,0,0.36449130806497576,6998,0,0,0.6355086919350242
2025-12-31 20:30:00+00:00,180,87496.8,87522.03,2.8831183678661256,87427.0,0,0.7370153621068032,5448,0,1,0.7370153621068032
2025-12-31 20:30:00+00:00,240,87496.8,87450.01,-5.349054505841309,87427.0,0,0.07445008460236886,3526,0,0,0.9255499153976311
2025-12-31 20:35:00+00:00,60,87427.0,87420.01,-0.7995561381041707,87338.56,0,0.44918122770103375,10911,0,0,0.5508187722989663
2025-12-31 20:35:00+00:00,120,87427.0,87361.0,-7.552006217451971,87338.56,0,0.18138041733547353,2472,0,0,0.8186195826645265
2025-12-31 20:35:00+00:00,180,87427.0,87356.4,-8.078570829914831,87338.56,0,0.0943566591422122,2195,0,0,0.9056433408577877
2025-12-31 20:35:00+00:00,240,87427.0,87335.12,-10.514865402799423,87338.56,0,0.04460093896713615,1684,0,0,0.9553990610328639
2025-12-31 20:40:00+00:00,60,87338.56,87290.76,-5.474453109454359,87434.95,1,0.2723297938788257,3182,0,0,0.7276702061211743
2025-12-31 20:40:00+00:00,120,87338.56,87306.0,-3.7287162425485483,87434.95,1,0.28777798897547996,5241,0,0,0.7122220110245201
2025-12-31 20:40:00+00:00,180,87338.56,87360.01,2.455658350012083,87434.95,1,0.7370153621068032,5448,0,1,0.7370153621068032
2025-12-31 20:40:00+00:00,240,87338.56,87421.04,9.439253251220341,87434.95,1,0.9704170708050437,2042,0,1,0.9704170708050437
2025-12-31 20:45:00+00:00,60,87434.96,87427.74,-0.8257907494400916,87398.92,0,0.44918122770103375,10911,0,0,0.5508187722989663
2025-12-31 20:45:00+00:00,120,87434.96,87398.17,-4.208584556375165,87398.92,0,0.23990825688073394,4340,0,0,0.7600917431192661
2025-12-31 20:45:00+00:00,180,87434.96,87414.27,-2.3666103758729222,87398.92,0,0.2623252391464312,5416,0,0,0.7376747608535688
2025-12-31 20:45:00+00:00,240,87434.96,87401.67,-3.8081265238656106,87398.92,0,0.13416502516962137,4549,0,0,0.8658349748303786
2025-12-31 20:50:00+00:00,60,87398.93,87421.04,2.5294593195367505,87524.18,1,0.6463788300835654,7160,0,1,0.6463788300835654
2025-12-31 20:50:00+00:00,120,87398.93,87406.72,0.8912755400255644,87524.18,1,0.5704639512088869,9162,0,1,0.5704639512088869
2025-12-31 20:50:00+00:00,180,87398.93,87456.99,6.640896360133327,87524.18,1,0.8701675257731959,3084,0,1,0.8701675257731959
2025-12-31 20:50:00+00:00,240,87398.93,87508.92,12.576910012716942,87524.18,1,0.9684287812041116,1342,0,1,0.9684287812041116
2025-12-31 20:55:00+00:00,60,87524.17,87638.27,13.027908967031875,87662.01,1,0.7805907172995781,454,0,1,0.7805907172995781
2025-12-31 20:55:00+00:00,120,87524.17,87649.21,14.276144153504944,87662.01,1,0.8588235294117647,575,0,1,0.8588235294117647
2025-12-31 20:55:00+00:00,180,87524.17,87680.07,17.796377661413118,87662.01,1,0.9242424242424242,508,0,1,0.9242424242424242
2025-12-31 20:55:00+00:00,240,87524.17,87686.22,18.49776673710382,87662.01,1,0.9744408945686901,606,0,1,0.9744408945686901
2025-12-31 21:00:00+00:00,60,87662.01,87704.11,4.801383620597515,87720.47,1,0.7120669056152927,4165,0,1,0.7120669056152927
2025-12-31 21:00:00+00:00,120,87662.01,87686.44,2.7864517944775176,87720.47,1,0.6929419525065963,6044,0,1,0.6929419525065963
2025-12-31 21:00:00+00:00,180,87662.01,87740.08,8.90183294342723,87720.47,1,0.8855172413793103,2155,0,1,0.8855172413793103
2025-12-31 21:00:00+00:00,240,87662.01,87740.08,8.90183294342723,87720.47,1,0.9523396880415944,2288,0,1,0.9523396880415944
2025-12-31 21:05:00+00:00,60,87720.46,87766.12,5.2038168423320545,87714.54,0,0.7065553494124923,3214,0,1,0.7065553494124923
2025-12-31 21:05:00+00:00,120,87720.46,87791.2,8.061003335110719,87714.54,0,0.8518877057115198,2046,0,1,0.8518877057115198
2025-12-31 21:05:00+00:00,180,87720.46,87743.23,2.5954087854642593,87714.54,0,0.7370153621068032,5448,0,1,0.7370153621068032
2025-12-31 21:05:00+00:00,240,87720.46,87724.81,0.4958811372778624,87714.54,0,0.6464007782101168,6148,0,1,0.6464007782101168
2025-12-31 21:10:00+00:00,60,87714.54,87717.78,0.36937321473851886,87751.89,1,0.5441675695196821,13825,0,1,0.5441675695196821
2025-12-31 21:10:00+00:00,120,87714.54,87735.91,2.436015422667037,87751.89,1,0.6929419525065963,6044,0,1,0.6929419525065963
2025-12-31 21:10:00+00:00,180,87714.54,87722.44,0.9006082988151266,87751.89,1,0.6031160311603116,7297,0,1,0.6031160311603116
2025-12-31 21:10:00+00:00,240,87714.54,87720.0,0.6224543925925916,87751.89,1,0.6464007782101168,6148,0,1,0.6464007782101168
2025-12-31 21:15:00+00:00,60,87751.89,87728.56,-2.6589856747525573,87752.04,1,0.36146292870357194,7007,0,0,0.638537071296428
2025-12-31 21:15:00+00:00,120,87751.89,87728.54,-2.661265434307189,87752.04,1,0.3182711198428291,6088,0,0,0.6817288801571709
2025-12-31 21:15:00+00:00,180,87751.89,87727.64,-2.763855152150292,87752.04,1,0.2623252391464312,5416,0,0,0.7376747608535688
2025-12-31 21:15:00+00:00,240,87751.89,87752.05,0.01823320889579943,87752.04,1,0.6464007782101168,6148,0,1,0.6464007782101168
2025-12-31 21:20:00+00:00,60,87752.04,87780.19,3.207388209144058,87753.61,1,0.6758432087511395,5465,0,1,0.6758432087511395
2025-12-31 21:20:00+00:00,120,87752.04,87780.18,3.206248999878408,87753.61,1,0.7333333333333333,5230,0,1,0.7333333333333333
2025-12-31 21:20:00+00:00,180,87752.04,87777.58,2.9100501875698157,87753.61,1,0.7370153621068032,5448,0,1,0.7370153621068032
2025-12-31 21:20:00+00:00,240,87752.04,87777.58,2.9100501875698157,87753.61,1,0.8199286846275753,5028,0,1,0.8199286846275753
2025-12-31 21:25:00+00:00,60,87753.61,87753.61,0.0,87759.27,1,0.5441675695196821,13825,0,1,0.5441675695196821
2025-12-31 21:25:00+00:00,120,87753.61,87768.04,1.6442416115048017,87759.27,1,0.6351039260969977,6908,0,1,0.6351039260969977
2025-12-31 21:25:00+00:00,180,87753.61,87768.05,1.6453809783448874,87759.27,1,0.671796587487454,5958,0,1,0.671796587487454
2025-12-31 21:25:00+00:00,240,87753.61,87768.05,1.6453809783448874,87759.27,1,0.7472212262459663,5558,0,1,0.7472212262459663
2025-12-31 21:30:00+00:00,60,87759.26,87759.26,0.0,87791.4,1,0.5441675695196821,13825,0,1,0.5441675695196821
2025-12-31 21:30:00+00:00,120,87759.26,87768.05,1.0015535482605908,87791.4,1,0.6351039260969977,6908,0,1,0.6351039260969977
2025-12-31 21:30:00+00:00,180,87759.26,87783.04,2.7093185113177967,87791.4,1,0.7370153621068032,5448,0,1,0.7370153621068032
2025-12-31 21:30:00+00:00,240,87759.26,87790.93,3.6080849976377287,87791.4,1,0.8613728129205922,4438,0,1,0.8613728129205922
2025-12-31 21:35:00+00:00,60,87791.41,87796.69,0.6014074987524166,87835.99,1,0.5441675695196821,13825,0,1,0.5441675695196821
2025-12-31 21:35:00+00:00,120,87791.41,87802.43,1.2551693173804903,87835.99,1,0.6351039260969977,6908,0,1,0.6351039260969977
2025-12-31 21:35:00+00:00,180,87791.41,87804.4,1.4795341669820077,87835.99,1,0.671796587487454,5958,0,1,0.671796587487454
2025-12-31 21:35:00+00:00,240,87791.41,87844.66,6.063674919575455,87835.99,1,0.9323004378578647,2949,0,1,0.9323004378578647
2025-12-31 21:40:00+00:00,60,87836.0,87845.36,1.0655655225863103,87825.62,0,0.6043804034582133,8655,0,1,0.6043804034582133
2025-12-31 21:40:00+00:00,120,87836.0,87825.62,-1.1818176346193823,87825.62,0,0.36449130806497576,6998,0,0,0.6355086919350242
2025-12-31 21:40:00+00:00,180,87836.0,87825.63,-1.1806790147676165,87825.62,0,0.32701421800947866,6099,0,0,0.6729857819905214
2025-12-31 21:40:00+00:00,240,87836.0,87825.63,-1.1806790147676165,87825.62,0,0.26818098552848507,5439,0,0,0.7318190144715149
2025-12-31 21:45:00+00:00,60,87825.62,87820.39,-0.5955159472788113,87825.75,1,0.44918122770103375,10911,0,0,0.5508187722989663
2025-12-31 21:45:00+00:00,120,87825.62,87827.67,0.2334143584902549,87825.75,1,0.5704639512088869,9162,0,1,0.5704639512088869
2025-12-31 21:45:00+00:00,180,87825.62,87827.67,0.2334143584902549,87825.75,1,0.6031160311603116,7297,0,1,0.6031160311603116
2025-12-31 21:45:00+00:00,240,87825.62,87818.88,-0.7674592718021418,87825.75,1,0.3684836135167261,5869,0,0,0.6315163864832739
2025-12-31 21:50:00+00:00,60,87825.74,87800.0,-2.931233221771102,87820.29,0,0.36146292870357194,7007,0,0,0.638537071296428
2025-12-31 21:50:00+00:00,120,87825.74,87806.91,-2.144248244520472,87820.29,0,0.3182711198428291,6088,0,0,0.6817288801571709
2025-12-31 21:50:00+00:00,180,87825.74,87822.14,-0.4099110106554626,87820.29,0,0.42031342400946187,6744,0,0,0.5796865759905381
2025-12-31 21:50:00+00:00,240,87825.74,87820.28,-0.6217049497352855,87820.29,0,0.3684836135167261,5869,0,0,0.6315163864832739
2025-12-31 21:55:00+00:00,60,87820.29,87820.29,0.0,87799.97,0,0.5441675695196821,13825,0,1,0.5441675695196821
2025-12-31 21:55:00+00:00,120,87820.29,87806.41,-1.580625272681996,87799.97,0,0.36449130806497576,6998,0,0,0.6355086919350242
2025-12-31 21:55:00+00:00,180,87820.29,87776.7,-4.9647776872909715,87799.97,0,0.1799183281287533,4143,0,0,0.8200816718712467
2025-12-31 21:55:00+00:00,240,87820.29,87788.98,-3.5658710194245127,87799.97,0,0.13416502516962137,4549,0,0,0.8658349748303786
2025-12-31 22:00:00+00:00,60,87799.97,87789.77,-1.1617990904783966,87789.09,0,0.3924328065520821,8649,0,0,0.6075671934479179
2025-12-31 22:00:00+00:00,120,87799.97,87768.15,-3.6248039049933936,87789.09,0,0.28777798897547996,5241,0,0,0.7122220110245201
2025-12-31 22:00:00+00:00,180,87799.97,87776.8,-2.6393013306369837,87789.09,0,0.2623252391464312,5416,0,0,0.7376747608535688
2025-12-31 22:00:00+00:00,240,87799.97,87776.8,-2.6393013306369837,87789.09,0,0.18210547106458622,5043,0,0,0.8178945289354138
2025-12-31 22:05:00+00:00,60,87789.09,87791.51,0.27565687782746096,87769.0,0,0.5441675695196821,13825,0,1,0.5441675695196821
2025-12-31 22:05:00+00:00,120,87789.09,87791.51,0.27565687782746096,87769.0,0,0.5704639512088869,9162,0,1,0.5704639512088869
2025-12-31 22:05:00+00:00,180,87789.09,87778.99,-1.1505508303254754,87769.0,0,0.32701421800947866,6099,0,0,0.6729857819905214
2025-12-31 22:05:00+00:00,240,87789.09,87773.14,-1.8170195313511028,87769.0,0,0.26818098552848507,5439,0,0,0.7318190144715149
2025-12-31 22:10:00+00:00,60,87768.99,87768.99,0.0,87828.23,1,0.5441675695196821,13825,0,1,0.5441675695196821
2025-12-31 22:10:00+00:00,120,87768.99,87794.25,2.877595580293943,87828.23,1,0.6929419525065963,6044,0,1,0.6929419525065963
2025-12-31 22:10:00+00:00,180,87768.99,87794.26,2.8787346069867636,87828.23,1,0.7370153621068032,5448,0,1,0.7370153621068032
2025-12-31 22:10:00+00:00,240,87768.99,87813.45,5.06428785819509,87828.23,1,0.9181614349775785,3548,0,1,0.9181614349775785
2025-12-31 22:15:00+00:00,60,87828.24,87813.46,-1.6829716445332061,87833.42,1,0.3924328065520821,8649,0,0,0.6075671934479179
2025-12-31 22:15:00+00:00,120,87828.24,87805.99,-2.5336746850572722,87833.42,1,0.3182711198428291,6088,0,0,0.6817288801571709
2025-12-31 22:15:00+00:00,180,87828.24,87836.74,0.9677512281198205,87833.42,1,0.6031160311603116,7297,0,1,0.6031160311603116
2025-12-31 22:15:00+00:00,240,87828.24,87833.42,0.5897701298609741,87833.42,1,0.6464007782101168,6148,0,1,0.6464007782101168
2025-12-31 22:20:00+00:00,60,87833.42,87816.37,-1.9413629875162388,87843.21,1,0.3924328065520821,8649,0,0,0.6075671934479179
2025-12-31 22:20:00+00:00,120,87833.42,87828.33,-0.5795228615697862,87843.21,1,0.43843880817532627,8102,0,0,0.5615611918246737
2025-12-31 22:20:00+00:00,180,87833.42,87843.22,1.1156861845915278,87843.21,1,0.671796587487454,5958,0,1,0.671796587487454
2025-12-31 22:20:00+00:00,240,87833.42,87843.21,1.1145477927411571,87843.21,1,0.7472212262459663,5558,0,1,0.7472212262459663
2025-12-31 22:25:00+00:00,60,87843.22,87876.84,3.826540966378557,87854.51,1,0.6758432087511395,5465,0,1,0.6758432087511395
2025-12-31 22:25:00+00:00,120,87843.22,87879.03,4.0757502815620406,87854.51,1,0.7526728439059159,4189,0,1,0.7526728439059159
2025-12-31 22:25:00+00:00,180,87843.22,87879.03,4.0757502815620406,87854.51,1,0.8201160541586073,4116,0,1,0.8201160541586073
2025-12-31 22:25:00+00:00,240,87843.22,87876.37,3.7730568792318504,87854.51,1,0.8613728129205922,4438,0,1,0.8613728129205922
2025-12-31 22:30:00+00:00,60,87854.5,87838.65,-1.8042820728072242,87739.56,0,0.3924328065520821,8649,0,0,0.6075671934479179
2025-12-31 22:30:00+00:00,120,87854.5,87818.11,-4.142933895101033,87739.56,0,0.23990825688073394,4340,0,0,0.7600917431192661
2025-12-31 22:30:00+00:00,180,87854.5,87818.1,-4.14407261245229,87739.56,0,0.1799183281287533,4143,0,0,0.8200816718712467
2025-12-31 22:30:00+00:00,240,87854.5,87764.01,-10.305292763080681,87739.56,0,0.04460093896713615,1684,0,0,0.9553990610328639
2025-12-31 22:35:00+00:00,60,87739.56,87783.14,4.965739576193006,87783.13,1,0.7120669056152927,4165,0,1,0.7120669056152927
2025-12-31 22:35:00+00:00,120,87739.56,87783.13,4.9646004052128845,87783.13,1,0.7526728439059159,4189,0,1,0.7526728439059159
2025-12-31 22:35:00+00:00,180,87739.56,87783.13,4.9646004052128845,87783.13,1,0.8201160541586073,4116,0,1,0.8201160541586073
2025-12-31 22:35:00+00:00,240,87739.56,87783.13,4.9646004052128845,87783.13,1,0.9025839793281654,3850,0,1,0.9025839793281654
2025-12-31 22:40:00+00:00,60,87783.13,87743.98,-4.4608494550185265,87733.98,0,0.2972459639126306,4192,0,0,0.7027540360873694
2025-12-31 22:40:00+00:00,120,87783.13,87720.01,-7.193034007428406,87733.98,0,0.18138041733547353,2472,0,0,0.8186195826645265
2025-12-31 22:40:00+00:00,180,87783.13,87729.64,-6.095283170116741,87733.98,0,0.14115755627009646,3090,0,0,0.8588424437299036
2025-12-31 22:40:00+00:00,240,87783.13,87691.86,-10.402622986970485,87733.98,0,0.04460093896713615,1684,0,0,0.9553990610328639
2025-12-31 22:45:00+00:00,60,87733.98,87735.12,0.1299374077835623,87742.19,1,0.5441675695196821,13825,0,1,0.5441675695196821
2025-12-31 22:45:00+00:00,120,87733.98,87740.0,0.686141615111762,87742.19,1,0.5704639512088869,9162,0,1,0.5704639512088869
2025-12-31 22:45:00+00:00,180,87733.98,87730.0,-0.45365436264276765,87742.19,1,0.42031342400946187,6744,0,0,0.5796865759905381
2025-12-31 22:45:00+00:00,240,87733.98,87735.49,0.17210971230994865,87742.19,1,0.6464007782101168,6148,0,1,0.6464007782101168
2025-12-31 22:50:00+00:00,60,87742.2,87753.13,1.2456171926795414,87663.24,0,0.6043804034582133,8655,0,1,0.6043804034582133
2025-12-31 22:50:00+00:00,120,87742.2,87748.5,0.7179867654186868,87663.24,0,0.5704639512088869,9162,0,1,0.5704639512088869
2025-12-31 22:50:00+00:00,180,87742.2,87735.85,-0.7237372426654437,87663.24,0,0.42031342400946187,6744,0,0,0.5796865759905381
2025-12-31 22:50:00+00:00,240,87742.2,87716.6,-2.9180639764602905,87663.24,0,0.18210547106458622,5043,0,0,0.8178945289354138
2025-12-31 22:55:00+00:00,60,87663.25,87728.1,7.3948918182395404,87728.29,1,0.7586396050466264,1803,0,1,0.7586396050466264
2025-12-31 22:55:00+00:00,120,87663.25,87711.65,5.51960414275857,87728.29,1,0.7888670227719988,3537,0,1,0.7888670227719988
2025-12-31 22:55:00+00:00,180,87663.25,87700.03,4.1947208719301985,87728.29,1,0.8201160541586073,4116,0,1,0.8201160541586073
2025-12-31 22:55:00+00:00,240,87663.25,87720.0,6.471541835451042,87728.29,1,0.9323004378578647,2949,0,1,0.9323004378578647
2025-12-31 23:00:00+00:00,60,87728.3,87723.52,-0.5448789304300857,87682.85,0,0.44918122770103375,10911,0,0,0.5508187722989663
2025-12-31 23:00:00+00:00,120,87728.3,87723.53,-0.5437389853589063,87682.85,0,0.43843880817532627,8102,0,0,0.5615611918246737
2025-12-31 23:00:00+00:00,180,87728.3,87714.07,-1.6221851119777937,87682.85,0,0.32701421800947866,6099,0,0,0.6729857819905214
2025-12-31 23:00:00+00:00,240,87728.3,87682.85,-5.182110831279012,87682.85,0,0.07445008460236886,3526,0,0,0.9255499153976311
2025-12-31 23:05:00+00:00,60,87682.84,87671.83,-1.2557407241519534,87694.79,1,0.3924328065520821,8649,0,0,0.6075671934479179
2025-12-31 23:05:00+00:00,120,87682.84,87671.83,-1.2557407241519534,87694.79,1,0.36449130806497576,6998,0,0,0.6355086919350242
2025-12-31 23:05:00+00:00,180,87682.84,87688.75,0.6739974248098353,87694.79,1,0.6031160311603116,7297,0,1,0.6031160311603116
2025-12-31 23:05:00+00:00,240,87682.84,87697.22,1.6398671584698106,87694.79,1,0.7472212262459663,5558,0,1,0.7472212262459663
2025-12-31 23:10:00+00:00,60,87694.78,87671.71,-2.6310613998230417,87689.75,0,0.36146292870357194,7007,0,0,0.638537071296428
2025-12-31 23:10:00+00:00,120,87694.78,87684.46,-1.1768781769043548,87689.75,0,0.36449130806497576,6998,0,0,0.6355086919350242
2025-12-31 23:10:00+00:00,180,87694.78,87698.49,0.42304929950289527,87689.75,0,0.6031160311603116,7297,0,1,0.6031160311603116
2025-12-31 23:10:00+00:00,240,87694.78,87698.5,0.424189569926133,87689.75,0,0.6464007782101168,6148,0,1,0.6464007782101168
2025-12-31 23:15:00+00:00,60,87689.76,87680.07,-1.105093163385281,87651.88,0,0.3924328065520821,8649,0,0,0.6075671934479179
2025-12-31 23:15:00+00:00,120,87689.76,87680.08,-1.1039526534119626,87651.88,0,0.36449130806497576,6998,0,0,0.6355086919350242
2025-12-31 23:15:00+00:00,180,87689.76,87680.08,-1.1039526534119626,87651.88,0,0.32701421800947866,6099,0,0,0.6729857819905214
2025-12-31 23:15:00+00:00,240,87689.76,87663.9,-2.949467970896261,87651.88,0,0.18210547106458622,5043,0,0,0.8178945289354138
2025-12-31 23:20:00+00:00,60,87651.88,87658.04,0.702755440481769,87675.47,1,0.5441675695196821,13825,0,1,0.5441675695196821
2025-12-31 23:20:00+00:00,120,87651.88,87623.9,-3.1926830093334755,87675.47,1,0.28777798897547996,5241,0,0,0.7122220110245201
2025-12-31 23:20:00+00:00,180,87651.88,87655.19,0.3776231044635594,87675.47,1,0.6031160311603116,7297,0,1,0.6031160311603116
2025-12-31 23:20:00+00:00,240,87651.88,87672.0,2.2951807920648264,87675.47,1,0.8199286846275753,5028,0,1,0.8199286846275753
2025-12-31 23:25:00+00:00,60,87675.47,87698.02,2.5716543731082635,87675.44,0,0.6463788300835654,7160,0,1,0.6463788300835654
2025-12-31 23:25:00+00:00,120,87675.47,87688.91,1.532808433082342,87675.44,0,0.6351039260969977,6908,0,1,0.6351039260969977
2025-12-31 23:25:00+00:00,180,87675.47,87675.44,-0.003421710215485345,87675.44,0,0.42031342400946187,6744,0,0,0.5796865759905381
2025-12-31 23:25:00+00:00,240,87675.47,87675.44,-0.003421710215485345,87675.44,0,0.3684836135167261,5869,0,0,0.6315163864832739
2025-12-31 23:30:00+00:00,60,87675.44,87675.94,0.057028350733043666,87671.0,0,0.5441675695196821,13825,0,1,0.5441675695196821
2025-12-31 23:30:00+00:00,120,87675.44,87690.02,1.662813194068433,87671.0,0,0.6351039260969977,6908,0,1,0.6351039260969977
2025-12-31 23:30:00+00:00,180,87675.44,87690.01,1.6616728133760492,87671.0,0,0.671796587487454,5958,0,1,0.671796587487454
2025-12-31 23:30:00+00:00,240,87675.44,87671.0,-0.5064260216459501,87671.0,0,0.3684836135167261,5869,0,0,0.6315163864832739
2025-12-31 23:35:00+00:00,60,87670.99,87671.0,0.0011406280935396587,87652.47,0,0.5441675695196821,13825,0,1,0.5441675695196821
2025-12-31 23:35:00+00:00,120,87670.99,87666.78,-0.480215985502671,87652.47,0,0.43843880817532627,8102,0,0,0.5615611918246737
2025-12-31 23:35:00+00:00,180,87670.99,87652.23,-2.1400474017763744,87652.47,0,0.2623252391464312,5416,0,0,0.7376747608535688
2025-12-31 23:35:00+00:00,240,87670.99,87650.28,-2.362519972200847,87652.47,0,0.18210547106458622,5043,0,0,0.8178945289354138
2025-12-31 23:40:00+00:00,60,87652.46,87686.08,3.8348671560765712,87685.31,1,0.6758432087511395,5465,0,1,0.6758432087511395
2025-12-31 23:40:00+00:00,120,87652.46,87679.72,3.1095261827746534,87685.31,1,0.7333333333333333,5230,0,1,0.7333333333333333
2025-12-31 23:40:00+00:00,180,87652.46,87685.32,3.748193958508413,87685.31,1,0.7870081199250468,4783,0,1,0.7870081199250468
2025-12-31 23:40:00+00:00,240,87652.46,87685.32,3.748193958508413,87685.31,1,0.8613728129205922,4438,0,1,0.8613728129205922
2025-12-31 23:45:00+00:00,60,87685.31,87663.92,-2.4397027698487643,87690.61,1,0.36146292870357194,7007,0,0,0.638537071296428
2025-12-31 23:45:00+00:00,120,87685.31,87663.93,-2.4385620497650304,87690.61,1,0.3182711198428291,6088,0,0,0.6817288801571709
2025-12-31 23:45:00+00:00,180,87685.31,87673.69,-1.3252812820563713,87690.61,1,0.32701421800947866,6099,0,0,0.6729857819905214
2025-12-31 23:45:00+00:00,240,87685.31,87690.61,0.6044159314029224,87690.61,1,0.6464007782101168,6148,0,1,0.6464007782101168
2025-12-31 23:50:00+00:00,60,87690.6,87690.6,0.0,87641.14,0,0.5441675695196821,13825,0,1,0.5441675695196821
2025-12-31 23:50:00+00:00,120,87690.6,87674.82,-1.7996706582845428,87641.14,0,0.36449130806497576,6998,0,0,0.6355086919350242
2025-12-31 23:50:00+00:00,180,87690.6,87650.29,-4.5979007760439865,87641.14,0,0.1799183281287533,4143,0,0,0.8200816718712467
2025-12-31 23:50:00+00:00,240,87690.6,87641.15,-5.640735498410258,87641.14,0,0.07445008460236886,3526,0,0,0.9255499153976311
2025-12-31 23:55:00+00:00,60,87641.15,87652.52,1.2972516367476208,87648.22,1,0.6043804034582133,8655,0,1,0.6043804034582133
2025-12-31 23:55:00+00:00,120,87641.15,87655.3,1.6144080534145238,87648.22,1,0.6351039260969977,6908,0,1,0.6351039260969977
2025-12-31 23:55:00+00:00,180,87641.15,87642.89,0.19853490369765572,87648.22,1,0.6031160311603116,7297,0,1,0.6031160311603116
2025-12-31 23:55:00+00:00,240,87641.15,87642.93,0.20309887812504562,87648.22,1,0.6464007782101168,6148,0,1,0.6464007782101168
